"ID","Clee","Nombre de la Unidad Económica","Razón social","Código de la clase de actividad SCIAN","Nombre de clase de la actividad","Descripcion estrato personal ocupado","Tipo de vialidad","Nombre de la vialidad","Tipo de entre vialidad 1","Nombre de entre vialidad 1","Tipo de entre vialidad 2","Nombre de entre vialidad 2","Tipo de entre vialidad 3","Nombre de entre vialidad 3","Número exterior o kilómetro","Letra exterior","Edificio","Edificio Piso","Número interior","Letra interior","Tipo de asentamiento humano","Nombre de asentamiento humano","Tipo centro comercial","Corredor industrial, centro comercial o mercado público","Número de local","Código Postal","Clave entidad","Entidad federativa","Clave municipio","Municipio","Clave localidad","Localidad","Área geoestadística básica ","Manzana","Número de teléfono","Correo electrónico","Sitio en Internet","Tipo de establecimiento","Latitud","Longitud","Fecha de incorporación al DENUE"
"11323745","21156713943001231000000000U4","ACEROS GYM",,"713943","Centros de acondicionamiento físico del sector privado","0 a 5 personas","CALLE","5 DE MAYO","CALLE","HERMENEGILDO GALEANA","CALLE","JOSE MARIA MORELOS","CALLE","MARIANO MATAMOROS","0","SN",,,"0",,"COLONIA","CENTRO",,,,"75853","21","PUEBLA","156","Tehuacán","0009","Magdalena Cuayucatepec","0501","028",,,,"Fijo","18.54813837","-97.48794306","2024-11"
"3400201","21156711191000032001000000U5","AGENCIA DE PAYASOS",,"711191","Otras compañías y grupos de espectáculos artísticos del sector privado","0 a 5 personas","CALLE","LA PAZ","CALLE","17 ORIENTE","CALLE","19 ORIENTE","CALLE","CHEMALE","1715",,,,"0",,"COLONIA","GRANJAS DE ORIENTE",,,,"75790","21","PUEBLA","156","Tehuacán","0001","Tehuacán","1069","020","2381224687","SAUL.JOS.CHI1219@GMAIL.COM",,"Fijo","18.44904534","-97.38120345","2014-12"
"8464054","21156713120001541000000000U1","ALFA VIDEO GAMES",,"713120","Casas de juegos electrónicos","0 a 5 personas","CALLE","5 NORTE","CALLE","21 DE MARZO","CALLE","5 NORTE","CALLE","5 NORTE","6","A",,,"0",,"COLONIA","SANTIAGO TULA",,,,"75720","21","PUEBLA","156","Tehuacán","0001","Tehuacán","136A","034",,,,"Fijo","18.47708531","-97.38901765","2019-11"
"11549271","21156713943001481000000000U5","AMANTES DEL HIERRO",,"713943","Centros de acondicionamiento físico del sector privado","0 a 5 personas","PROLONGACION","12 NORTE","CALLE","PRIVADA 5 DE FEBRERO","CALLE","PRIVADA DE CONSTITUYENTES","CALLE","10 NORTE","0","SN",,,,,"COLONIA","CONSTITUYENTES",,,,"75710","21","PUEBLA","156","Tehuacán","0001","Tehuacán","0963","021",,,,"Fijo","18.47008211","-97.40378397","2024-11"
"9791872","21156713943001321000000000U3","AMERICAN FITNESS TEHUACAN",,"713943","Centros de acondicionamiento físico del sector privado","0 a 5 personas","CALLE","AVENIDA ADOLFO LOPEZ MATEOS","AVENIDA","CONSTITUCION","CALLE","EMILIANO ZAPATA","CALLE","FRANCISCO I. MADERO","1400",,,,"0",,"COLONIA","LA HUIZACHERA",,,,"75718","21","PUEBLA","156","Tehuacán","0001","Tehuacán","093A","010","2381987848",,,"Fijo","18.49009161","-97.40632651","2024-11"
"11244067","21156713120001901000000000U7","ANTONYS GAMING",,"713120","Casas de juegos electrónicos","0 a 5 personas","CALLE","20 DE NOVIEMBRE","AVENIDA","LICENCIADO BENITO JUAREZ","CALLEJON","FRANCISCO I. MADERO","CALLE","CANAL DE VALSEQUILLO","616","2",,,,,"COLONIA","SANTA CECILIA",,,,"75855","21","PUEBLA","156","Tehuacán","0001","Tehuacán","1514","027",,,,"Fijo","18.47842083","-97.42944011","2024-11"
"11749954","21156713120002011000000000U4","ARCADE G.O.2",,"713120","Casas de juegos electrónicos","0 a 5 personas","CALLE","7 Sur","CALLE","3 Oriente","CALLE","5 Oriente","CALLE","5 Sur","342",,,,,,"COLONIA","CENTRO",,,,"75700","21","PUEBLA","156","Tehuacán","0001","Tehuacán","0569","021","2381039636",,,"Fijo","18.45882461","-97.38716817","2025-04"
"11374014","21156711510000291000000000U8","ARTE DECORATIVO",,"711510","Artistas, escritores y técnicos independientes","0 a 5 personas","CALLE","RETORNO PUERTO DE COATZACOALCOS","ANDADOR","PUERTO VALLARTA","ANDADOR","PUERTO DE MAZATLAN","ANDADOR","GOLFO DE TEHUANTEPEC","0","SN",,,,,"COLONIA","INFONAVIT VENUSTIANO CARRANZA",,,,"75760","21","PUEBLA","156","Tehuacán","0001","Tehuacán","0588","051","2381994152",,,"Fijo","18.45878522","-97.40829536","2024-11"
"3428902","21156711312000011001000000U1","AUDITORIO ESCUELA JORGE L TAMAYO","ESCUELA SECUNDARIA JORGE L TAMAYO ","711312","Promotores del sector público de espectáculos artísticos, culturales, deportivos y similares que cuentan con instalaciones para presentarlos","0 a 5 personas","CALLE","3 PONIENTE","CALLE","OSTENDE","CALLE","10 SUR","BOULEVARD","ALDAMA","0","SN",,,"0",,"COLONIA","ARCADIA",,,,"75760","21","PUEBLA","156","Tehuacán","0001","Tehuacán","0889","027","2381185226",,,"Fijo","18.46109526","-97.4034362","2010-07"
"10658836","21156713943001411000000000U2","BALL CITY SC",,"713943","Centros de acondicionamiento físico del sector privado","0 a 5 personas","PRIVADA","POPOCATEPETL","CALLE","BARDA","PRIVADA","NINGUNO","OTRO(ESPECIFIQUE)","BARDA","0","SN",,,,,"COLONIA","MEXICO NORTE",,,,"75764","21","PUEBLA","156","Tehuacán","0001","Tehuacán","1374","036","2382369180","BALLCITYSC@GMAIL.COM",,"Fijo","18.45473996","-97.42226337","2024-11"
"11373677","21156713113000072000000000S3","BALNEARIO AGUAS HIDALGO",,"713113","Parques acuáticos y balnearios del sector privado","6 a 10 personas","PROLONGACION","VICENTE GUERRERO","CALLE","LOTZINTITLA","PRIVADA","NINGUNO","PRIVADA","NINGUNO","0","SN",,,,,"LOCALIDAD","SANTA MARIA COAPAN",,,,"75870","21","PUEBLA","156","Tehuacán","0001","Tehuacán","0747","007",,,,"Fijo","18.42404855","-97.39900715","2024-11"
"10544064","21156713113000092000000000U1","BALNEARIO SAN DIEGO",,"713113","Parques acuáticos y balnearios del sector privado","6 a 10 personas","CALLE","NINGUNO","PRIVADA","VALSEQUILLO","CALLE","IGNACIO ALLENDE","PRIVADA","2 PONIENTE","117",,,,,,"COLONIA","CENTRO",,,,"75859","21","PUEBLA","156","Tehuacán","0001","Tehuacán","1228","027",,,,"Fijo","18.44387644","-97.37047134","2024-11"
"3435066","21156713113000022001000000U8","BALNEARIO SAN LORENZO","AQUAEMPRESAS DEL EJIDO SAN LORENZO SC DE RL DE CV","713113","Parques acuáticos y balnearios del sector privado","0 a 5 personas","CALLE","5 DE FEBRERO","AVENIDA","NACIONAL","CARRETERA","FEDERAL PONIENTE","CALLE","EMILIO CARRANZA SUR","2",,,,"0",,"COLONIA","SAN LORENZO TEOTIPILCO",,,,"75855","21","PUEBLA","156","Tehuacán","0001","Tehuacán","0840","005",,"AQUA-EMPRESAS@HOTMAIL.ES",,"Fijo","18.47405264","-97.43661743","2010-07"
"11370120","21156713943001511000000000U9","BATMAN GYM",,"713943","Centros de acondicionamiento físico del sector privado","0 a 5 personas","CALLE","GUADALUPE VICTORIA","CALLE","GARCI CRESPO","CALLE","PUERTO DEL AIRE","CALLE","PIPILA","1824",,,,"0",,"COLONIA","AEROPUERTO",,,,"75718","21","PUEBLA","156","Tehuacán","0001","Tehuacán","093A","036",,,,"Fijo","18.49340687","-97.40953197","2024-11"
"10149360","21156713943001311000000000S4","BODEGA DE APARATOS PARA HACER EJERCICIO",,"713943","Centros de acondicionamiento físico del sector privado","0 a 5 personas","CALLE","12 ORIENTE","CALLE","5 NORTE","CALLE","ALVARO OBREGON","CALLE","14 ORIENTE","337","D",,,,,"COLONIA","FRANCISCO SARABIA",,,,"75730","21","PUEBLA","156","Tehuacán","0001","Tehuacán","1355","001","2381726108",,,"Fijo","18.47238098","-97.38940393","2024-11"
"8792882","21156711131000491000000000S9","BODEGA SIN NOMBRE",,"711131","Cantantes y grupos musicales del sector privado","0 a 5 personas","AVENIDA","PEÑAFIEL","CALLE","10 ORIENTE","CALLE","5 NORTE","CALLE","5 NORTE","339",,,,,,"COLONIA","FRANCISCO SARABIA",,,,"75730","21","PUEBLA","156","Tehuacán","0001","Tehuacán","1355","009",,,,"Fijo","18.47080059","-97.38981111","2019-11"
"9046751","21156713943001011000000000U0","BOX FITNESS",,"713943","Centros de acondicionamiento físico del sector privado","0 a 5 personas","CALLE","12 PONIENTE","AVENIDA","JOSE GARCI CRESPO","CALLE","JAZMIN","CALLE","10 PONIENTE","1012",,,,"1012",,"FRACCIONAMIENTO","JACARANDAS",,,,"75730","21","PUEBLA","156","Tehuacán","0001","Tehuacán","0041","032","2383869191","BOXFITNESS09@GMAIL.COM",,"Fijo","18.47231364","-97.39501349","2019-11"
"10214592","21156713120001951000000000U2","BRAVOS SALOON",,"713120","Casas de juegos electrónicos","0 a 5 personas","CALLE","19 PONIENTE","CALLE","8 SUR","CALLE","10 SUR","CALLE","17 PONIENTE","0","SN",,,,,"COLONIA","16 DE MARZO",,,,"75766","21","PUEBLA","156","Tehuacán","0001","Tehuacán","1088","017",,,,"Fijo","18.45020043","-97.4038498","2024-11"
"6484301","21156713944000021000000000U8","CAMPO DEPORTIVO SAN VICENTE",,"713944","Centros de acondicionamiento físico del sector público","11 a 30 personas","CALLE","MARIANO ESCOBEDO","AVENIDA","FERROCARRIL","CALLE","IGNACIO ZARAGOZA","AVENIDA","FRANCISCO I. MADERO","0","SN",,,,,"EJIDO","SAN VICENTE FERRER",,,,"75718","21","PUEBLA","156","Tehuacán","0001","Tehuacán","143A","018",,,,"Fijo","18.49967245","-97.41089938","2016-01"
"10502366","21156713943001451000000000U8","CAMPO MIGUEL FARIAS",,"713943","Centros de acondicionamiento físico del sector privado","0 a 5 personas","PROLONGACION","5 DE MAYO","PRIVADA","NINGUNO","CALLE","NINGUNO","PROLONGACION","16 PONIENTE","12","LOTE",,,,,"COLONIA","SANTA CATALINA",,,,"75588","21","PUEBLA","156","Tehuacán","0001","Tehuacán","0836","042",,,,"Fijo","18.47532558","-97.42163998","2024-11"
"11415884","21156713943001521000000000U8","CANCHA DE FUTBOL JOGA BONITO",,"713943","Centros de acondicionamiento físico del sector privado","0 a 5 personas","CALLE","5 NORTE","CALLE","4 ORIENTE","CALLE","NINGUNO","CALLEJON","BENITO JUAREZ","429",,,,,,"COLONIA","CENTRO",,,,"75700","21","PUEBLA","156","Tehuacán","0001","Tehuacán","0075","013","2382752552",,,"Fijo","18.46829129","-97.38935945","2024-11"
"9969687","21156713943001111000000000U8","CANCHA DEPORTIVA SAN PEDRO",,"713943","Centros de acondicionamiento físico del sector privado","0 a 5 personas","CALLE","11 NORTE","CALLE","4 ORIENTE","CALLE","VICENTE GUERRERO","CALLE","9 NORTE","0","SN",,,,,"COLONIA","SAN PEDRO ACOQUIACO",,,,"75740","21","PUEBLA","156","Tehuacán","0001","Tehuacán","008A","007",,,,"Fijo","18.46747223","-97.38273795","2024-11"
"8765720","21156713943000661000000000U3","CANCHAS DE TENIS",,"713943","Centros de acondicionamiento físico del sector privado","0 a 5 personas","CALLE","6 ORIENTE","CALLE","CALLE DE LAS FLORES","CALLE","5 NORTE","AVENIDA","PEÑAFIEL",,"SN",,,,,"COLONIA","FRANCISCO SARABIA",,,,"75730","21","PUEBLA","156","Tehuacán","0001","Tehuacán","1355","029",,,,"Fijo","18.4689684","-97.38851294","2019-11"
"10988706","21156713943001271000000000U0","CANCHAS FUTBOL LA BOMBONERA",,"713943","Centros de acondicionamiento físico del sector privado","0 a 5 personas","CALLE","BYESA","CALLE","CIRCUITO DE LOS CIPRESES","CALLE","CIRCUITO DE LOS CIPRESES","CALLE","CIRCUITO DE LOS CIPRESES","0","SN",,,,,"COLONIA","SAN DIEGO CHALMA",,,,"75859","21","PUEBLA","156","Tehuacán","0001","Tehuacán","1213","147","2383906730",,,"Fijo","18.43891138","-97.36993147","2024-11"
"11827922","21156713943001571000000000U3","CARDIO CENTER",,"713943","Centros de acondicionamiento físico del sector privado","0 a 5 personas","CALLE","Doctor Manuel Pereyra Mejía","CALLE","Diagonal 4 Norte","CALLE","6 Poniente","CALLE","4 Norte","634",,,,"0",,"COLONIA","CERRITOS",,,,"75731","21","PUEBLA","156","Tehuacán","0001","Tehuacán","0554","005",,,,"Fijo","18.47053047","-97.39872653","2025-04"
"8014955","21156713943001031000000000U8","CARDIO TANIA",,"713943","Centros de acondicionamiento físico del sector privado","0 a 5 personas","CALLE","RETORNO ALDAMA","AVENIDA","AVENIDA DEL MAESTRO","ANDADOR","PLAZA ALDAMA","CALLE","12 SUR","0","SN",,,"0",,"COLONIA","INFONAVIT VENUSTIANO CARRANZA",,,,"75760","21","PUEBLA","156","Tehuacán","0001","Tehuacán","0573","010","2381999224",,,"Fijo","18.45798698","-97.40468702","2019-11"
"8463750","21156713943000831000000000U2","CARDIO Y-SPORT",,"713943","Centros de acondicionamiento físico del sector privado","0 a 5 personas","CALLE","HACIENDA LA HUERTA","CALZADA","RANCHO LA PURISIMA","CALLE","PUEBLA OAXACA","CALLE","HACIENDA EL HUMILLADERO","1501",,,,,,"FRACCIONAMIENTO","LOS ALAMOS",,,,"75790","21","PUEBLA","156","Tehuacán","0001","Tehuacán","1586","023",,,,"Fijo","18.44164752","-97.38281238","2019-11"
"7949480","21156711312000023000000000U6","CASA DE CULTURA SAN LORENZO","GOBIERNO DEL ESTADO DE PUEBLA ","711312","Promotores del sector público de espectáculos artísticos, culturales, deportivos y similares que cuentan con instalaciones para presentarlos","0 a 5 personas","AVENIDA","NACIONAL","ANDADOR","NINGUNO","CALLE","JOSEFA ORTIZ DE DOMINGUEZ","CALLE","15 DE SEPTIEMBRE","75",,,,"0",,"COLONIA","SAN LORENZO",,,,"75855","21","PUEBLA","156","Tehuacán","0001","Tehuacán","0836","057","2384012367",,,"Fijo","18.47118857","-97.42770808","2019-11"
"8752456","21156711510000141000000000U5","CASA LATINA",,"711510","Artistas, escritores y técnicos independientes","0 a 5 personas","PRIVADA","6 NORTE","CALLE","6 ORIENTE","PRIVADA","6 NORTE","CALLE","3 NORTE","9",,,,"0",,"COLONIA","COLONIA CENTRO",,,,"75700","21","PUEBLA","156","Tehuacán","0001","Tehuacán","0056","008","2381027775",,,"Fijo","18.46879715","-97.39197933","2019-11"
"10550545","21156811493000421000000000U9","CENTRAL BOXING",,"713943","Centros de acondicionamiento físico del sector privado","0 a 5 personas","PROLONGACION","14 PONIENTE","CALLE","28 NORTE","CALLE","30 NORTE","CALLE","12 PONIENTE","2811","B",,,,,"COLONIA","SAN RAFAEL",,,,"75758","21","PUEBLA","156","Tehuacán","0001","Tehuacán","0959","007","2382728066",,,"Fijo","18.47165649","-97.41102562","2024-11"
"3402717","21156711121000012011000000U4","CENTRO DE ACONDICIONAMIENTO LUAN SPORT",,"713943","Centros de acondicionamiento físico del sector privado","0 a 5 personas","CALLE","2 NORTE","PRIVADA","PRIMERA PRIVADA DE LA 2 NORTE","PRIVADA","NINGUNO","CALLE","4 NORTE","0","SN",,,"233",,"COLONIA","CENTRO",,,,"75700","21","PUEBLA","156","Tehuacán","0001","Tehuacán","0041","019","2381180573",,,"Fijo","18.46617316","-97.39645528","2014-12"
"10218006","21156713943001151000000000U4","CENTRO DE ALTO RENDIMIENTO PANTERS",,"713943","Centros de acondicionamiento físico del sector privado","0 a 5 personas","CALLE","16 ORIENTE","CALLE","3 NORTE","CALLE","ALVARO OBREGON","CALLE","18 ORIENTE","307",,,,,,"COLONIA","FRANCISCO SARABIA",,,,"75730","21","PUEBLA","156","Tehuacán","0001","Tehuacán","1355","025",,,,"Fijo","18.47440254","-97.39083473","2024-11"
"9437996","21149713943000061000000000U1","CENTRO DE ENTRANAMIENTO YO CREO MI SALUD",,"713943","Centros de acondicionamiento físico del sector privado","0 a 5 personas","CALLE","3 ORIENTE","PRIVADA","NINGUNO","AVENIDA","NACIONAL SUR","CALLE","5 ORIENTE",,"SN",,,,,"BARRIO","SAN MIGUEL",,,,"75820","21","PUEBLA","149","Santiago Miahuatlán","0001","Santiago Miahuatlán","0102","009","2383906104",,,"Fijo","18.54872226","-97.43736313","2023-11"
"3403642","21156713120001211000000000U1","CENTRO DE VIDEOJUEGOS SIN NOMBRE",,"713120","Casas de juegos electrónicos","0 a 5 personas","CALLE","MIGUEL HIDALGO","PRIVADA","NINGUNO","CALLE","21 PONIENTE","AVENIDA","VALSEQUILLO","2100",,,,,,"COLONIA","LA ESMERALDA",,,,"75763","21","PUEBLA","156","Tehuacán","0001","Tehuacán","1035","012",,,,"Fijo","18.44817132","-97.40610639","2014-12"
"8464098","21156713943000861000000000U9","CENTRO DE ZUMBA",,"713943","Centros de acondicionamiento físico del sector privado","0 a 5 personas","CALLE","2 PONIENTE","CALLE","2 NORTE","CALLE","4 NORTE","CALLE","4 PONIENTE","200",,,,"0",,"COLONIA","CENTRO",,,,"75700","21","PUEBLA","156","Tehuacán","0001","Tehuacán","0041","019","2382946923",,,"Fijo","18.46505854","-97.39652896","2019-11"
"8014199","21156713944000043000000000U2","CENTRO INTEGRAL DE PREVENCION Y PARTICIPACION CIUDADANA EL RIEGO","SECRETARIA GENERAL DE GOBIERNO DEL ESTADO DE PUEBLA ","713944","Centros de acondicionamiento físico del sector público","0 a 5 personas","CALLE","CHIHUAHUA","CALLE","BAJA CALIFORNIA","OTRO(ESPECIFIQUE)","BARDA","CALLE","MANANTIALES DE TEHUACAN","1302",,,,,,"COLONIA","EL RIEGO",,,,"75764","21","PUEBLA","156","Tehuacán","0001","Tehuacán","1374","001",,,,"Fijo","18.4516311","-97.41879284","2019-11"
"10200738","21156713120001821000000000U7","CIBER GAMER",,"713120","Casas de juegos electrónicos","0 a 5 personas","AVENIDA","HEROES DE LA INDEPENDENCIA","CALLE","PASTOR ROUAIX","CALLE","VICENTE GUERRERO","CALLE","MARIANO ESCOBEDO","0","SN",,,,,"COLONIA","GUADALUPE",,,,"75853","21","PUEBLA","156","Tehuacán","0009","Magdalena Cuayucatepec","0516","013","2382010796",,,"Semifijo","18.55143232","-97.48386624","2024-11"
"3524519","21156713120001191010000000U5","CIBER PICHON",,"713120","Casas de juegos electrónicos","0 a 5 personas","CALLE","18 ORIENTE","BOULEVARD","EJERCITO MEXICANO","CALLE","LAS FLORES","CALLE","18 ORIENTE","537",,,,"0",,"COLONIA","EMILIANO ZAPATA",,,,"75730","21","PUEBLA","156","Tehuacán","0001","Tehuacán","136A","012","2381705343",,,"Fijo","18.47532538","-97.38762545","2010-07"
"8716507","21156466212001731000000000U2","CICLING SPORT",,"713943","Centros de acondicionamiento físico del sector privado","0 a 5 personas","CALLE","2 NORTE","CALLE","2 PONIENTE","CALLE","PRIVADA DE LA 2 NORTE","CALLE","NICOLAS BRAVO","200",,,,"0",,"COLONIA","CENTRO",,,,"75700","21","PUEBLA","156","Tehuacán","0001","Tehuacán","0041","018",,,,"Fijo","18.46508456","-97.39638788","2019-11"
"10599827","21156713943001341000000000U1","CLASES DE BAILE ALPHA WOMAN",,"713943","Centros de acondicionamiento físico del sector privado","0 a 5 personas","CALLE","3 NORTE","CALLE","6 ORIENTE","PRIVADA","NINGUNO","CALLEJON","BENITO JUAREZ","432",,,,,,"COLONIA","SANTIAGO TULA",,,,"75740","21","PUEBLA","156","Tehuacán","0001","Tehuacán","0075","012","2381747679","ILEYA_N87@HOTMAIL.COM",,"Fijo","18.46809762","-97.39131013","2024-11"
"3399842","21156713943000631000000000U6","CLASES DE ZUMBA SIN NOMBRE",,"713943","Centros de acondicionamiento físico del sector privado","0 a 5 personas","CALLE","4 ORIENTE","CALLE","13 NORTE","CALLE","BENITO JUAREZ","CALLE","VICENTE GUERRERO","1125",,,,"0",,,"SAN PEDRO ACOQUIACO",,,,"75740","21","PUEBLA","156","Tehuacán","0001","Tehuacán","008A","009",,,,"Fijo","18.46695814","-97.38158831","2014-12"
"10016884","21149713943000101000000000U5","CLUB",,"713943","Centros de acondicionamiento físico del sector privado","0 a 5 personas","CALLE","3 ORIENTE","PRIVADA","NINGUNO","AVENIDA","NACIONAL SUR","CALLE","5 ORIENTE",,"SN",,,,,"BARRIO","SAN MIGUEL",,,,"75820","21","PUEBLA","149","Santiago Miahuatlán","0001","Santiago Miahuatlán","0102","009","2381101575",,,"Fijo","18.54867507","-97.43813384","2024-11"
"10413902","21156711312000033000000000U5","COMPLEJO CULTURAL EL CALVARIO","AYUNTAMIENTO DE TEHUACAN ","711312","Promotores del sector público de espectáculos artísticos, culturales, deportivos y similares que cuentan con instalaciones para presentarlos","11 a 30 personas","CALLE","3 SUR","CALLE","13 ORIENTE","PROLONGACION","3 SUR","BOULEVARD","INGENIERO PASTOR ROUAIX","0","SN",,,,,"COLONIA","GUADALUPE HIDALGO",,,,"75790","21","PUEBLA","156","Tehuacán","0001","Tehuacán","1177","001",,,,"Fijo","18.45252267","-97.39151595","2024-11"
"3524941","21156311812001001000000000U4","CRONCH GYM",,"713943","Centros de acondicionamiento físico del sector privado","0 a 5 personas","PROLONGACION","10 ORIENTE","CALLE","23 NORTE","CALLE","21 NORTE","CALLE","12 ORIENTE","2107",,,,,,"COLONIA","DEL VALLE",,,,"75740","21","PUEBLA","156","Tehuacán","0001","Tehuacán","086A","032","2381350278",,,"Fijo","18.47154461","-97.37637666","2010-07"
"10675639","21156713943001431000000000U0","CROSS 238 GIMNASIO",,"713943","Centros de acondicionamiento físico del sector privado","0 a 5 personas","CALLE","PROFESOR PEDRO JOSE DE LA LLAVE","CALLE","3 SUR","CALLE","MARIANO RUIZ TIRADO","CALLE","JOSEFA ORTIZ DE DOMINGUEZ","311",,,,,,"COLONIA","DEL EMPLEADO",,,,"75799","21","PUEBLA","156","Tehuacán","0001","Tehuacán","0130","010",,,,"Fijo","18.45701918","-97.3909839","2024-11"
"10008704","21156713943001221000000000U5","DE PILATES ESTUDIO",,"713943","Centros de acondicionamiento físico del sector privado","0 a 5 personas","AVENIDA","INDEPENDENCIA PONIENTE","CALZADA","ADOLFO LOPEZ MATEOS","CALLE","16 NORTE","CALLE","2 PONIENTE","1606",,"PLAZA TERRAZA","PISO 1",,,"COLONIA","AQUILES SERDAN","CENTRO Y PLAZA COMERCIAL","PLAZA TERRAZA","32","75750","21","PUEBLA","156","Tehuacán","0001","Tehuacán","0037","006",,,,"Fijo","18.46361204","-97.4063019","2024-11"
"8455471","21156713943001003000000000U7","DRALIONS FITNESS AND GYM",,"713943","Centros de acondicionamiento físico del sector privado","0 a 5 personas","CALLE","4 NORTE","CALLE","18 PONIENTE","AVENIDA","20 PONIENTE","CALLE","GARDENIA","1818",,,,"0",,"COLONIA","SAN NICOLAS TETITZINTLA",,,,"75710","21","PUEBLA","156","Tehuacán","0001","Tehuacán","0592","019","2383923576",,,"Fijo","18.4763715","-97.39747246","2019-11"
"10841909","21156713943001551000000000U5","ELITHIUM",,"713943","Centros de acondicionamiento físico del sector privado","0 a 5 personas","CALLE","HACIENDA CHAPULTEPEC","CALLE","BENITO JUAREZ","CALLE","HACIENDA XOCHITLALPAN","CALLE","HACIENDA LA HUERTA","3622",,,,,,"FRACCIONAMIENTO","JARDINES DE TEHUACAN",,,,"75760","21","PUEBLA","156","Tehuacán","0001","Tehuacán","1124","014",,,,"Fijo","18.45774263","-97.41665998","2024-11"
"11525000","21156713943001332000000000U0","EMPIRE FITNESS","EMPIRE FITNESS SA DE CV","713943","Centros de acondicionamiento físico del sector privado","6 a 10 personas","CALZADA","ADOLFO LOPEZ MATEOS","CALLE","IGNACIO RAMIREZ","CALLE","PASEO DE LA REFORMA","CALLE","PONCIANO ARRIAGA","2811",,"GALERIA ZONA ALTA","PISO 2","22",,"FRACCIONAMIENTO","REFORMA","CENTRO Y PLAZA COMERCIAL","GALERIA ZONA ALTA","22","75760","21","PUEBLA","156","Tehuacán","0001","Tehuacán","0982","011",,,,"Fijo","18.46510359","-97.41181193","2024-11"
"3401896","21156711510000091000000000U2","ENIGMA ESTUDIO COREOGRAFICO",,"711510","Artistas, escritores y técnicos independientes","0 a 5 personas","CALLE","JOSE MARIA MORELOS Y PAVON","CALLE","5 ORIENTE","CALLE","3 ORIENTE","CALLE","1 SUR","314","A",,,"0",,"COLONIA","CENTRO",,,,"75700","21","PUEBLA","156","Tehuacán","0001","Tehuacán","0130","036","2381031158",,,"Fijo","18.46004231","-97.39256872","2014-12"
"11477367","21149713943000091000000000U8","ERGY GYM SAN ISIDRO",,"713943","Centros de acondicionamiento físico del sector privado","0 a 5 personas","CALLE","3 NORTE","CALLE","2 ORIENTE","CALLE","15 DE MAYO ORIENTE","CALLE","1 NORTE","0","SN",,,,,"COLONIA","SAN ISIDRO VISTA HERMOSA",,,,"75820","21","PUEBLA","149","Santiago Miahuatlán","0006","San Isidro Vista Hermosa","0136","004","2382262080",,,"Fijo","18.50361517","-97.39806843","2024-11"
"9994136","21156713943001371000000000S8","ESCUELA DE BOXEO ESTILO CESAR",,"713943","Centros de acondicionamiento físico del sector privado","0 a 5 personas","CALLE","6 ORIENTE","CALLE","5 NORTE","CALLE","3 NORTE","CALLE","8 ORIENTE","317",,,,,,"COLONIA","FRANCISCO SARABIA",,,,"75730","21","PUEBLA","156","Tehuacán","0001","Tehuacán","1355","024","2381366141",,,"Fijo","18.46908396","-97.39083354","2024-11"
"10708273","21156711510000271000000000U0","ESCULTURAS CREART",,"711510","Artistas, escritores y técnicos independientes","0 a 5 personas","CALLE","6 ORIENTE","CALLE","PRIVADA DE LA 6 ORIENTE","CALLE","3 NORTE","CALLE","CAMELIA ORIENTE","141",,,,,,"COLONIA","FRANCISCO SARABIA",,,,"75730","21","PUEBLA","156","Tehuacán","0001","Tehuacán","0056","003","2383904859",,,"Fijo","18.46913278","-97.39186613","2024-11"
"9726535","21156711131000553000000000U6","ESPIGA DE ORO",,"711131","Cantantes y grupos musicales del sector privado","11 a 30 personas","CALLE","20 DE NOVIEMBRE","CALLE","5 DE MAYO","CALLE","GOMEZ FARIAS","CALLE","MARTIN CABRERA","0","SN",,,"0",,"COLONIA","SAN JOSE",,,,"75853","21","PUEBLA","156","Tehuacán","0009","Magdalena Cuayucatepec","0501","030","2381511916",,,"Fijo","18.54817233","-97.48981732","2024-11"
"11620236","21156711510000281000000000U9","ESTUDIO DE ARTE CUADROS",,"711510","Artistas, escritores y técnicos independientes","0 a 5 personas","CALLE","2 SUR","CALLE","3 PONIENTE","CALLE","5 PONIENTE","CALLE","4 SUR","330",,,,"0",,"COLONIA","CENTRO",,,,"75700","21","PUEBLA","156","Tehuacán","0001","Tehuacán","0874","003",,,,"Fijo","18.45968539","-97.39657998","2024-11"
"8014619","21156722513003841000000000U8","ESTUDIO FITNESS",,"713943","Centros de acondicionamiento físico del sector privado","0 a 5 personas","CALLE","4 PONIENTE","CALLE","16 NORTE","CALLE","14 NORTE","CALLE","20 DE NOVIEMBRE","1408",,,,"0",,"COLONIA","AQUILES SERDAN",,,,"75750","21","PUEBLA","156","Tehuacán","0001","Tehuacán","0821","011","2381047779",,,"Fijo","18.46768365","-97.4056247","2019-11"
"3423172","21156611611000243001000000U6","ESTUDIO VALSISTICO",,"711121","Compañías de danza del sector privado","6 a 10 personas","PRIVADA","4 SUR","CALLE","7 PONIENTE","CALLE","4 SUR","CALLEJON","HIDALGO","533",,,,"0",,"COLONIA","LA PEDRERA",,,,"75770","21","PUEBLA","156","Tehuacán","0001","Tehuacán","0906","028",,"AREZ_@HOTMAIL.COM","WWW.ESTUDIOVALSISITICOAREZ.COM","Fijo","18.45772068","-97.39813242","2010-07"
"9342300","21156711131000531000000000U2","EXHIBICION DE MUSICA Y ELABORACION DE ARTESANIAS",,"711131","Cantantes y grupos musicales del sector privado","0 a 5 personas","PRIVADA","MIGUEL HIDALGO","CALLE","CANTERA","PRIVADA","MIGUEL HIDALGO","CALLE","VERACRUZ","4826",,,,"0",,"RESIDENCIAL","SAN LORENZO",,,,"75855","21","PUEBLA","156","Tehuacán","0001","Tehuacán","1389","053","2382192493",,,"Fijo","18.46130811","-97.42683483","2021-05"
"9795083","21156713943001421000000000U1","FACTORY FITNESS GYM",,"713943","Centros de acondicionamiento físico del sector privado","0 a 5 personas","CALLE","33 PONIENTE","BOULEVARD","JOSE MARIA MORELOS Y PAVON","AVENIDA","VALSEQUILLO","CALLE","33 PONIENTE","610",,,,,,"COLONIA","SANTO DOMINGO",,,,"75857","21","PUEBLA","156","Tehuacán","0001","Tehuacán","1092","033",,,,"Fijo","18.43967938","-97.40025653","2024-11"
"11149018","21156713943001471000000000U6","FIT 60 MIN CLUB FITNESS",,"713943","Centros de acondicionamiento físico del sector privado","0 a 5 personas","CALLE","BAJA CALIFORNIA","CALLE","CHIHUAHUA NORTE","CALLE","CITLALTEPETL","OTRO(ESPECIFIQUE)","BARDA","1132",,,,,,"COLONIA","MEXICO NORTE",,,,"75764","21","PUEBLA","156","Tehuacán","0001","Tehuacán","1374","101",,,,"Fijo","18.45270511","-97.41925937","2024-11"
"11148504","21156713943001131000000000U6","FITNESS STARION",,"713943","Centros de acondicionamiento físico del sector privado","0 a 5 personas","CALLE","7 NORTE","AVENIDA","MIGUEL HIDALGO","CALLE","26 ORIENTE","CALLE","INSURGENTES","2413",,,,,,"COLONIA","SANTIAGO TULA",,,,"75720","21","PUEBLA","156","Tehuacán","0001","Tehuacán","1105","003",,,,"Fijo","18.48016831","-97.38635991","2024-11"
"3403069","21156713943000291000000000U9","FORTIZ GYM",,"713943","Centros de acondicionamiento físico del sector privado","0 a 5 personas","CALLE","23 PONIENTE","CALLE","12 SUR","CALLEJON","MIGUEL HIDALGO","CALLE","REPUBLICA DE NICARAGUA","837",,,,"0",,"COLONIA","16 DE MARZO",,,,"75766","21","PUEBLA","156","Tehuacán","0001","Tehuacán","1092","043",,,,"Fijo","18.44609744","-97.40369335","2014-12"
"9518210","21156711510000313000000000U0","FRANCO SHOW Y EVENTOS SOCIALES",,"711510","Artistas, escritores y técnicos independientes","11 a 30 personas","CALLE","2 PONIENTE","CALLE","22 NORTE","CALLE","20 NORTE","CALLE","2 PONIENTE","2001","C",,,"0",,"COLONIA","AQUILES SERDAN",,,,"75750","21","PUEBLA","156","Tehuacán","0001","Tehuacán","0037","018","2381900898",,,"Fijo","18.46528786","-97.40826692","2024-11"
"8028155","21156713120001601000000000U3","GAME OVER VIDEO JUEGOS",,"713120","Casas de juegos electrónicos","0 a 5 personas","CALLE","HEROES DE LA INDEPENDENCIA","CALLE","JOSEFA ORTIZ DE DOMINGUEZ","CALLE","5 ORIENTE","CALLE","CENTENARIO","500",,,,"0",,"COLONIA","GUADALUPE HIDALGO",,,,"75790","21","PUEBLA","156","Tehuacán","0001","Tehuacán","0130","023","2381550197",,,"Fijo","18.45865254","-97.39271658","2019-11"
"11627940","21149713943000071000000000U0","GIMNACIO SIN NOMBRE",,"713943","Centros de acondicionamiento físico del sector privado","0 a 5 personas","AVENIDA","16 DE SEPTIEMBRE","CALLE","4 ORIENTE","CALLE","2 ORIENTE","CALLE","6 NORTE","0","SN",,,,,"BARRIO","SAN JOSE",,,,"75820","21","PUEBLA","149","Santiago Miahuatlán","0001","Santiago Miahuatlán","009A","011",,,,"Fijo","18.55244421","-97.4404342","2024-11"
"8716022","21156713943000701000000000U7","GIMNACIO TIGER GYM",,"713943","Centros de acondicionamiento físico del sector privado","0 a 5 personas","CALLE","JOSEFA ORTIZ DE DOMINGUEZ","CALLE","3 SUR","CALLE","MARIANO RUIZ TIRADO","CALLE","PROFESOR PEDRO JOSE DE LA LLAVE","300",,,,"0",,"COLONIA","DEL EMPLEADO",,,,"75799","21","PUEBLA","156","Tehuacán","0001","Tehuacán","0130","010",,,,"Fijo","18.45744234","-97.3911879","2019-11"
"3416384","21156713944000011000000000U9","GIMNASIO","GIMNASIO MUNICIPAL DEL AYUNTAMIENTO MUNICIPAL ","713944","Centros de acondicionamiento físico del sector público","0 a 5 personas","CALLE","16 PONIENTE","AVENIDA","REFORMA NORTE","CALLE","PRIVADA 14 PONIENTE","CALLE","14 PONIENTE","0","SN",,,,,"COLONIA","BUENOS AIRES",,,,"75730","21","PUEBLA","156","Tehuacán","0001","Tehuacán","0056","042","2383745496",,,"Fijo","18.47430257","-97.39435823","2010-07"
"8716135","21156713943000713000000000U2","GIMNASIO 100 FITNESS",,"713943","Centros de acondicionamiento físico del sector privado","6 a 10 personas","BOULEVARD","HEROE DE NACOZARI","AVENIDA","20 PONIENTE","CALLE","18 PONIENTE","CALLE","CALLEJON JUAN ESCUTIA","1817",,,,,,"COLONIA","SAN NICOLAS TETITZINTLA",,,,"75710","21","PUEBLA","156","Tehuacán","0001","Tehuacán","0592","007",,,,"Fijo","18.47695829","-97.39861207","2019-11"
"3402254","21156713943000232000000000U3","GIMNASIO ADN FITNESS GYM",,"713943","Centros de acondicionamiento físico del sector privado","11 a 30 personas","AVENIDA","INDEPENDENCIA ORIENTE","CALLE","7 NORTE","CALLE","5 NORTE","CALLE","2 ORIENTE","505",,,,"0",,"COLONIA","CENTRO",,,,"75700","21","PUEBLA","156","Tehuacán","0001","Tehuacán","0075","003",,,,"Fijo","18.46292654","-97.38920019","2014-12"
"8463699","21156713943000811000000000U4","GIMNASIO ADRIANS",,"713943","Centros de acondicionamiento físico del sector privado","0 a 5 personas","AVENIDA","ENRIQUE MONT SOLORZANO","CALLE","3 PONIENTE","CALLE","1 PONIENTE","CALLE","SAN SEBASTIAN","117",,,,"0",,"COLONIA","ARCADIA",,,,"75760","21","PUEBLA","156","Tehuacán","0001","Tehuacán","0889","031","2381356212",,,"Fijo","18.46216715","-97.40934251","2019-11"
"11631192","21149713943000111000000000U4","GIMNASIO AIR FIT TONNER",,"713943","Centros de acondicionamiento físico del sector privado","0 a 5 personas","CALLE","5 NORTE","CALLE","4 PONIENTE","CALLE","2 PONIENTE","CALLE","7 NORTE","0","SN",,,,,"BARRIO","SAN JOSE",,,,"75820","21","PUEBLA","149","Santiago Miahuatlán","0001","Santiago Miahuatlán","009A","023","2381174272",,,"Fijo","18.55150841","-97.44206367","2024-11"
"8809476","21156713943000671000000000U2","GIMNASIO ALFA CENTER",,"713943","Centros de acondicionamiento físico del sector privado","0 a 5 personas","CALLE","3 PONIENTE","CALLE","SAN SEBASTIAN","CALLE","20 SUR","BOULEVARD","ALDAMA","10103",,,,"0",,"COLONIA","ARCADIA",,,,"75760","21","PUEBLA","156","Tehuacán","0001","Tehuacán","0889","022",,,,"Fijo","18.46130044","-97.40881814","2019-11"
"11665995","21156713943001462000000000U5","GIMNASIO ANYTIME FITNESS",,"713943","Centros de acondicionamiento físico del sector privado","6 a 10 personas","CALLE","22 NORTE","PROLONGACION","2 PONIENTE","CALLE","LAZARO CARDENAS","CALLE","26 NORTE","201",,"EDIFICIO SIN NOMBRE","PISO 1",,,"FRACCIONAMIENTO","ZONA ALTA","EDIFICIO COMERCIAL Y DE SERVICIOS","EDIFICIO COMERCIAL Y DE SERVICIOS SIN NOMBRE","SN","75750","21","PUEBLA","156","Tehuacán","0001","Tehuacán","0037","046",,,,"Fijo","18.46584427","-97.4088765","2024-11"
"10894395","21156713943001361000000000U9","GIMNASIO BHYBRID PROFESSIONAL FITNESS CARE",,"713943","Centros de acondicionamiento físico del sector privado","0 a 5 personas","AVENIDA","ENRIQUE MONT SOLORZANO","CALLE","1 PONIENTE","AVENIDA","INDEPENDENCIA PONIENTE","CALLE","SAN SEBASTIAN","2209",,"ARCADIA PLAZA","PISO 2","1",,"COLONIA","ARCADIA","CENTRO Y PLAZA COMERCIAL","ARCADIA PLAZA","1","75760","21","PUEBLA","156","Tehuacán","0001","Tehuacán","0889","032","2383827825",,,"Fijo","18.46338776","-97.40928769","2024-11"
"9718029","21156713943001561000000000U4","GIMNASIO BL",,"713943","Centros de acondicionamiento físico del sector privado","0 a 5 personas","CALLE","9 NORTE","CALLE","4 ORIENTE","CALLE","VICENTE GUERRERO","CALLE","11 NORTE","414",,,,"0",,"COLONIA","SAN PEDRO ACOQUIACO",,,,"75740","21","PUEBLA","156","Tehuacán","0001","Tehuacán","008A","007",,,,"Fijo","18.46781269","-97.38440036","2024-11"
"9950180","21156713943001381000000000U7","GIMNASIO BOSS",,"713943","Centros de acondicionamiento físico del sector privado","0 a 5 personas","CALLE","3 ORIENTE","CALLE","ROSALES","CALLE","13 SUR","PRIVADA","PRIMERA PRIVADA 13 SUR","1300",,,,"0",,"COLONIA","LA PURISIMA",,,,"75784","21","PUEBLA","156","Tehuacán","0001","Tehuacán","1478","038","2382088921","FITBOSS952@GMAIL.COM",,"Fijo","18.4602793","-97.38136756","2024-11"
"10394405","21156713943001101000000000U9","GIMNASIO CARPER GYM",,"713943","Centros de acondicionamiento físico del sector privado","0 a 5 personas","CALLE","4 SUR","CALLE","17 PONIENTE","CALLE","13 PONIENTE","CALLE","MARIANO MATAMOROS","1329",,,,,,"COLONIA","BENITO JUAREZ",,,,"75770","21","PUEBLA","156","Tehuacán","0001","Tehuacán","0906","011",,,,"Fijo","18.45223978","-97.39823948","2024-11"
"8716161","21156713943000721000000000U5","GIMNASIO CENTRO DE ALTO RENDIMIENTO",,"713943","Centros de acondicionamiento físico del sector privado","0 a 5 personas","CALLE","DANIEL GONZALEZ","CALLE","5 NORTE","PRIVADA","NINGUNO","CALLE","4 ORIENTE","507","C",,,,,"COLONIA","CENTRO",,,,"75700","21","PUEBLA","156","Tehuacán","0001","Tehuacán","0075","008","2381117274",,,"Fijo","18.46595846","-97.38904142","2019-11"
"10371698","21156713943001301000000000U5","GIMNASIO CRYPTON",,"713943","Centros de acondicionamiento físico del sector privado","0 a 5 personas","CALLEJON","INDIO PIPILA","CALLE","AMADO NERVO","CALLE","9 SUR","CALLE","9 SUR","8",,,,"4",,"COLONIA","FLORES MAGON",,,,"75780","21","PUEBLA","156","Tehuacán","0001","Tehuacán","008A","038","2382519907",,,"Fijo","18.46226388","-97.38562728","2024-11"
"8464020","21156713943000851000000000U0","GIMNASIO DE BOX PUÑO DE ORO",,"713943","Centros de acondicionamiento físico del sector privado","0 a 5 personas","CALLE","SEGUNDA PRIVADA 1 NORTE","CALLE","1 NORTE","PRIVADA","6 NORTE","CALLE","6 ORIENTE","3",,,,"0",,"COLONIA","COLONIA CENTRO",,,,"75700","21","PUEBLA","156","Tehuacán","0001","Tehuacán","0056","046","2381568363",,,"Fijo","18.46865281","-97.39263179","2019-11"
"9881503","21156713943001241000000000U3","GIMNASIO DT FITNESS",,"713943","Centros de acondicionamiento físico del sector privado","0 a 5 personas","CALLE","4 NORTE","CALLE","6 PONIENTE","CALLE","PRIVADA 2 NORTE","CALLE","2 NORTE","428",,,,,,"COLONIA","IGNACIO ZARAGOZA",,,,"75770","21","PUEBLA","156","Tehuacán","0001","Tehuacán","0041","005",,"FITNESSDT1@GMAIL.COM",,"Fijo","18.46891157","-97.3977818","2024-11"
"10768087","21156713943001261000000000U1","GIMNASIO EXODO GYM",,"713943","Centros de acondicionamiento físico del sector privado","0 a 5 personas","CALLE","GABINO BARREDA","CALLE","INSURGENTES SUR","CALLE","9 SUR","AVENIDA","INDEPENDENCIA ORIENTE","907",,,,,,"COLONIA","RICARDO FLORES MAGON",,,,"75780","21","PUEBLA","156","Tehuacán","0001","Tehuacán","008A","037","2382104433","EXODO.GYM@GMAIL.COM",,"Fijo","18.46144164","-97.38463974","2024-11"
"8464153","21156713943000871000000000U8","GIMNASIO FITTEST CROSSFIT",,"713943","Centros de acondicionamiento físico del sector privado","0 a 5 personas","CALLE","4 NORTE","CALLE","4 PONIENTE","PRIVADA","NINGUNO","CALLE","2 NORTE","234",,,,,,"COLONIA","CENTRO",,,,"75700","21","PUEBLA","156","Tehuacán","0001","Tehuacán","0041","019","2381204391",,,"Fijo","18.46657863","-97.39787721","2019-11"
"11520620","21156713943001161000000000U3","GIMNASIO FONSECA GYM",,"713943","Centros de acondicionamiento físico del sector privado","0 a 5 personas","CALLE","2 ORIENTE","CALLE","3 NORTE","CALLE","5 NORTE","AVENIDA","INDEPENDENCIA ORIENTE","324","2",,,,,"COLONIA","CENTRO",,,,"75700","21","PUEBLA","156","Tehuacán","0001","Tehuacán","0075","004","2383880708",,,"Fijo","18.46483162","-97.38988584","2024-11"
"8716212","21156713943000731000000000S4","GIMNASIO GENESIS",,"713943","Centros de acondicionamiento físico del sector privado","0 a 5 personas","CALLE","3 NORTE","PRIVADA","NINGUNO","CALLE","2 ORIENTE","CALLE","PRIVADA 2 ORIENTE","206",,,,,,"COLONIA","CENTRO",,,,"75700","21","PUEBLA","156","Tehuacán","0001","Tehuacán","0075","005",,,,"Fijo","18.4651652","-97.39134098","2019-11"
"3401383","21156713943000321000000000U4","GIMNASIO GENESIS",,"713943","Centros de acondicionamiento físico del sector privado","6 a 10 personas","AVENIDA","REFORMA SUR","CALLE","5 PONIENTE","PRIVADA","NINGUNO","CALLE","ALAMO","522",,,,,,"COLONIA","MORELOS",,,,"75770","21","PUEBLA","156","Tehuacán","0001","Tehuacán","0893","030","2227057108","GIM_GENESIS_TEHUACAN@HOTMAIL.COM",,"Fijo","18.45801117","-97.39424253","2014-12"
"3401915","21156713943000371000000000U9","GIMNASIO GYM",,"713943","Centros de acondicionamiento físico del sector privado","0 a 5 personas","CALLE","HEROES DE LA INDEPENDENCIA","CALLE","JOSEFA ORTIZ DE DOMINGUEZ","CALLE","5 ORIENTE","CALLE","CENTENARIO","522",,,,"0",,"COLONIA","GUADALUPE HIDALGO",,,,"75790","21","PUEBLA","156","Tehuacán","0001","Tehuacán","0130","023",,,,"Fijo","18.45760285","-97.39273488","2014-12"
"11803074","21156713943001581000000000U2","GIMNASIO GYM CENTER",,"713943","Centros de acondicionamiento físico del sector privado","0 a 5 personas","CALLE","2 Poniente","CALLE","Cristóbal Palacios","AVENIDA","Reforma Norte","CALLE","4 Poniente","112",,,,"0",,"COLONIA","COLONIA CENTRO",,,,"75700","21","PUEBLA","156","Tehuacán","0001","Tehuacán","0041","016",,"GCARPINTERO877@GMAIL.COM",,"Fijo","18.46501145","-97.39481332","2025-04"
"8765707","21156713943000651000000000U4","GIMNASIO HEROES","VICTOR VIDAL ARIAS SC","713943","Centros de acondicionamiento físico del sector privado","0 a 5 personas","AVENIDA","7 PONIENTE","CALLE","8 SUR","CALLE","14 SUR","CALLE","BENITO JUAREZ","825",,,,"0",,"COLONIA","EL RIEGO",,,,"75763","21","PUEBLA","156","Tehuacán","0001","Tehuacán","061A","018","5586116423",,,"Fijo","18.45691199","-97.40367198","2019-11"
"10612098","21156713943001531000000000U7","GIMNASIO INFINITI FITNES",,"713943","Centros de acondicionamiento físico del sector privado","0 a 5 personas","CALLE","13 SUR","CALLE","17 ORIENTE","CALLE","CAMINO VIEJO A SAN DIEGO","CALLE","LOS PINOS","0","SN",,,,,"COLONIA","LA PAZ",,,,"75790","21","PUEBLA","156","Tehuacán","0001","Tehuacán","1073","042","2381986912",,,"Fijo","18.45016056","-97.38153883","2024-11"
"8463726","21156713943000821000000000U3","GIMNASIO IRON FITNESS WORLD",,"713943","Centros de acondicionamiento físico del sector privado","0 a 5 personas","CALLE","2 ORIENTE","CALLE","3 NORTE","CALLE","1 NORTE","AVENIDA","INDEPENDENCIA ORIENTE","106",,,,"0",,"COLONIA","CENTRO",,,,"75700","21","PUEBLA","156","Tehuacán","0001","Tehuacán","0056","021","2382727256",,,"Fijo","18.46488165","-97.39271144","2019-11"
"8495012","21156713943000891000000000U6","GIMNASIO IRON STRONG",,"713943","Centros de acondicionamiento físico del sector privado","0 a 5 personas","PROLONGACION","REFORMA NORTE","PRIVADA","MAGISTERIAL","PRIVADA","MAGISTERIO","PRIVADA","VIA DE LA PLAZA",,"SN",,,,,"COLONIA","LOMAS DE LA SOLEDAD",,,,"75719","21","PUEBLA","156","Tehuacán","0001","Tehuacán","1340","061","2381130605","AIRONSTRONG@GMAIL.COM",,"Fijo","18.48226232","-97.39293295","2019-11"
"3398997","21156713943000381000000000U8","GIMNASIO LA ROCA",,"713943","Centros de acondicionamiento físico del sector privado","0 a 5 personas","CALZADA","LAS PALMAS","AVENIDA","CUAUHTEMOC","CALLE","NINGUNO","CALLE","28 PONIENTE","157",,,,,,"COLONIA","TEPEYAC",,,,"75726","21","PUEBLA","156","Tehuacán","0001","Tehuacán","1340","078","2383939452",,,"Fijo","18.48315431","-97.3977432","2014-12"
"3428868","21156713943000151000000000U5","GIMNASIO MAXI FIT",,"713943","Centros de acondicionamiento físico del sector privado","0 a 5 personas","CALLE","SAN SEBASTIAN","CALLE","3 PONIENTE","BOULEVARD","ALDAMA","AVENIDA","ENRIQUE MONT SOLORZANO","312",,,,"0",,"COLONIA","ARCADIA",,,,"75760","21","PUEBLA","156","Tehuacán","0001","Tehuacán","0889","028","2381284341",,,"Fijo","18.46054409","-97.40896525","2010-07"
"3417098","21156713943000181000000000U2","GIMNASIO MONTECARLO",,"713943","Centros de acondicionamiento físico del sector privado","0 a 5 personas","CALLE","3 SUR","CALLE","3 ORIENTE","CALLE","1 ORIENTE","CALLE","GENERAL JOSE MARIA MORELOS Y PAVON","202",,,,"0",,"COLONIA","CENTRO",,,,"75700","21","PUEBLA","156","Tehuacán","0001","Tehuacán","0056","034","2383833811",,,"Fijo","18.46183833","-97.39149885","2010-07"
"10394251","21156713943001192000000000U8","GIMNASIO TAURUS GYM",,"713943","Centros de acondicionamiento físico del sector privado","6 a 10 personas","CALLE","CALLE A COAPAN","CALLE","JOSE MARIA MORELOS Y PAVON","AVENIDA","NACIONAL NORTE","CALLE","CALLE A COAPAN","120",,,,"0",,"COLONIA","SANTA MARIA COAPAN",,,,"75857","21","PUEBLA","156","Tehuacán","0001","Tehuacán","0925","022",,,,"Fijo","18.43566178","-97.40215786","2024-11"
"3429122","21156713943000331000000000U3","GIMNASIO TITANIUM",,"713943","Centros de acondicionamiento físico del sector privado","0 a 5 personas","CALLE","VIA PUEBLA","CALLE","5 DE MAYO","CALLE","PRIVADA VIA PUEBLA","CALLE","8 NORTE","0","SN",,,,"801 A","COLONIA","AQUILES SERDAN",,,,"75750","21","PUEBLA","156","Tehuacán","0001","Tehuacán","0037","041",,"TITANIUM0GYM@GMAIL.COM",,"Fijo","18.46624109","-97.40211916","2010-07"
"8809488","21149713943000031000000000U4","GINMASIO MUSCLE PAWER HOUSE",,"713943","Centros de acondicionamiento físico del sector privado","0 a 5 personas","CALLE","2 PONIENTE","CALLE","5 NORTE","CALLE","3 NORTE","CALLE","4 PONIENTE",,"SN",,,,,"BARRIO","SAN JOSE",,,,"75820","21","PUEBLA","149","Santiago Miahuatlán","0001","Santiago Miahuatlán","009A","013",,,,"Fijo","18.55143494","-97.44136341","2019-11"
"9198284","21156713943001081000000000U3","GINMASIO PLATINUM",,"713943","Centros de acondicionamiento físico del sector privado","0 a 5 personas","BOULEVARD","ALDAMA","CALLE","20 SUR","CALLE","24 SUR","AVENIDA","AVENIDA DEL MAESTRO","2015",,,,"0",,"COLONIA","INFONAVIT EL RIEGO",,,,"75760","21","PUEBLA","156","Tehuacán","0001","Tehuacán","0588","013","2381191266",,,"Fijo","18.46024094","-97.4094233","2019-11"
"9554793","21156713943001491000000000U4","GORILLAS BUNKER",,"713943","Centros de acondicionamiento físico del sector privado","0 a 5 personas","CALLE","30 SUR","CALLE","GENERAL LUIS URQUIZO","AVENIDA","7 PONIENTE","AVENIDA","VALSEQUILLO","534",,,,"0",,"COLONIA","VENUSTIANO CARRANZA",,,,"75760","21","PUEBLA","156","Tehuacán","0001","Tehuacán","0588","019",,,,"Fijo","18.45755557","-97.41308712","2024-11"
"9782359","21156713943001442000000000U7","GRAN FRATERNIDAD UNIVERSAL TEHUACAN","RED CULTURAL PARA LA FRATERNIDAD SC","713943","Centros de acondicionamiento físico del sector privado","6 a 10 personas","CALLE","3 NORTE","AVENIDA","INDEPENDENCIA ORIENTE","CALLE","2 ORIENTE","CALLE","1 NORTE","141",,,,,,"COLONIA","CENTRO",,,,"75700","21","PUEBLA","156","Tehuacán","0001","Tehuacán","0056","021","2381095851",,,"Fijo","18.46483348","-97.39144821","2024-11"
"3402003","21156711131000402000000000U6","GRUPO NORTEÑO RAYOS DEL PASO",,"711131","Cantantes y grupos musicales del sector privado","0 a 5 personas","CALLE","7 SUR","CALLE","JOSEFA ORTIZ DE DOMINGUEZ","CALLE","7 ORIENTE","CALLE","PRIVADA AMADO NERVO","529",,,,"0",,"FRACCIONAMIENTO","LA PURISIMA",,,,"75790","21","PUEBLA","156","Tehuacán","0001","Tehuacán","0569","034","2383830425","RAYOSDELPASO@HOTMAIL.COM",,"Fijo","18.45693396","-97.3871674","2014-12"
"3520431","21156713943000101000000000U0","GYM CALIFORNIA",,"713943","Centros de acondicionamiento físico del sector privado","0 a 5 personas","AVENIDA","7 PONIENTE","CALLE","8 SUR","CALLE","14 SUR","CALLE","BENITO JUAREZ","833",,,,"0",,"COLONIA","EL RIEGO",,,,"75763","21","PUEBLA","156","Tehuacán","0001","Tehuacán","061A","018",,,,"Fijo","18.45690612","-97.40408011","2010-07"
"8454909","21156713943000991000000000U4","GYM LEGENDS",,"713943","Centros de acondicionamiento físico del sector privado","0 a 5 personas","CALLE","18 PONIENTE","CALLE","MORELOS SUR","PRIVADA","NINGUNO","CALLE","16 PONIENTE","0","SN",,,,,"COLONIA","SAN NICOLAS TETITZINTLA",,,,"75710","21","PUEBLA","156","Tehuacán","0001","Tehuacán","0592","054","2381569559",,,"Fijo","18.47596885","-97.39990938","2019-11"
"3394794","21156713943000401001000000U4","GYM MONTECARLO ZONA ALTA",,"713943","Centros de acondicionamiento físico del sector privado","0 a 5 personas","AVENIDA","INDEPENDENCIA","CALLE","JOSE MARIA IGLESIAS","AVENIDA","ENRIQUE MONT SOLORZANO","CALZADA","ADOLFO LOPEZ MATEOS","2406",,,,"0",,"FRACCIONAMIENTO","REFORMA",,,,"75760","21","PUEBLA","156","Tehuacán","0001","Tehuacán","0982","018",,"GYMMONTECARLO@HOTMAIL.COM",,"Fijo","18.46367341","-97.41022803","2014-12"
"3400305","21156713943000342001000000U0","GYM OLIMPO",,"713943","Centros de acondicionamiento físico del sector privado","0 a 5 personas","AVENIDA","DE LA JUVENTUD","CALLE","PUEBLA","CALLE","VERACRUZ","CALLE","TEHUACAN","3515","A",,,"0",,"COLONIA","NACIONAL",,,,"75794","21","PUEBLA","156","Tehuacán","0001","Tehuacán","1213","022","2381894811",,,"Fijo","18.43645345","-97.37819032","2014-12"
"9704870","21156713943001091000000000U2","GYM PRIME",,"713943","Centros de acondicionamiento físico del sector privado","0 a 5 personas","CALZADA","RANCHO LA PURISIMA","CALLE","HACIENDA EL CARMEN","ANDADOR","9","CALZADA","RANCHO FIGUEROA","1700",,,,,,"FRACCIONAMIENTO","RANCHO VIEJO II",,,,"75790","21","PUEBLA","156","Tehuacán","0001","Tehuacán","1586","010",,,,"Fijo","18.44306922","-97.38291642","2024-11"
"3417201","21156713943000061000000000U6","GYMS NEW BROTHERS",,"713943","Centros de acondicionamiento físico del sector privado","0 a 5 personas","CALLE","6 ORIENTE","CALLE","9 NORTE","CALLE","7 NORTE","CALLE","4 ORIENTE","750",,,,"0",,"COLONIA","SAN PEDRO ACOQUIACO",,,,"75740","21","PUEBLA","156","Tehuacán","0001","Tehuacán","008A","006","2381128374",,,"Fijo","18.46909911","-97.38463779","2010-07"
"9407704","21149713943000051000000000U2","GYN GOLDEN",,"713943","Centros de acondicionamiento físico del sector privado","0 a 5 personas","CALLE","3 ORIENTE","CALLE","10 SUR","AVENIDA","16 DE SEPTIEMBRE","CALLE","10 SUR","0","SN",,,"0",,"BARRIO","SAN MUGUEL",,,,"75820","21","PUEBLA","149","Santiago Miahuatlán","0001","Santiago Miahuatlán","0102","018","2381544583",,,"Fijo","18.54877367","-97.43759865","2023-11"
"6700164","21156713120001413000005593S3","HAPPYLAND EL PASEO TEHUACAN","GRUPO RECREACIONAL SAPI DE CV","713120","Casas de juegos electrónicos","6 a 10 personas","CALZADA","ADOLFO LÓPEZ MATEOS","CALLE","NINGUNO","CALLE","NINGUNO","CALLE","NINGUNO","3800",,,,,"S-1","COLONIA","SAN LORENZO TEOTIPILCO","CENTRO Y PLAZA COMERCIAL","EL PASEO","L51","75855","21","PUEBLA","156","Tehuacán","0001","Tehuacán","0836","002",,"EGONZALEZ@HAPPYLAND.COM.MX","WWW.HAPPYLAND.COM.MX","Fijo","18.46755839","-97.41786873","2016-01"
"9968556","21156711121000052000000000U0","IMG ESTUDIO PROFESIONAL DE DANZA",,"711121","Compañías de danza del sector privado","6 a 10 personas","AVENIDA","INDEPENDENCIA ORIENTE","CALLE","7 SUR","PRIVADA","NINGUNO","CALLE","3 ORIENTE","538",,,,"4",,"COLONIA","CENTRO",,,,"75700","21","PUEBLA","156","Tehuacán","0001","Tehuacán","0075","009","2831099646",,,"Fijo","18.4627628","-97.38773551","2024-11"
"3519861","21156711131000262001000000U4","INCONFUNDIBLE MARIACHI GUADALAJARA",,"711131","Cantantes y grupos musicales del sector privado","11 a 30 personas","CALLE","21 DE MARZO","AVENIDA","7 PONIENTE","CALLEJON","ENRIQUE MONT SOLORZANO","CALLE","24 SUR","2433",,,,"0",,"COLONIA","TEHUACAN",,,,"75768","21","PUEBLA","156","Tehuacán","0001","Tehuacán","1020","028","2383820189",,,"Fijo","18.45685856","-97.41158656","2010-07"
"11805228","21156713120002051000000000U0","JUEGOS DE XBOX REAVEND",,"713120","Casas de juegos electrónicos","0 a 5 personas","CALLE","2 Poniente","CALLE","Doctor Manuel Pereyra Mejía","CALLE","4 Norte","AVENIDA","Independencia Poniente","413",,,,"0",,"COLONIA","IGNACIO ZARAGOZA",,,,"75770","21","PUEBLA","156","Tehuacán","0001","Tehuacán","0037","035",,,,"Fijo","18.46503673","-97.39866686","2025-04"
"11139146","21156711131000543000000000U7","LA FURIA DE MEXICO",,"711131","Cantantes y grupos musicales del sector privado","11 a 30 personas","CALLE","2 PONIENTE","AVENIDA","CHILAC","CALLE","CALLEJON 2 PONIENTE","CALLE","1 PONIENTE","0","SN",,,,,"LOCALIDAD","SAN MARCOS NECOXTLA",,,,"75859","21","PUEBLA","156","Tehuacán","0012","San Marcos Necoxtla                                                                                           ","0145","018",,,,"Fijo","18.39695572","-97.36420695","2024-11"
"10463962","21156711131000593000000000U2","LOS GAMA",,"711131","Cantantes y grupos musicales del sector privado","11 a 30 personas","CALLE","PRIVADA DE LA 13 PONIENTE","CALLE","13 PONIENTE","CALLE","11 PONIENTE","CALLE","8 SUR","1104",,,,,,"COLONIA","NIÑOS HEROES",,,,"75760","21","PUEBLA","156","Tehuacán","0001","Tehuacán","061A","022","2381516757",,,"Fijo","18.4543342","-97.40188181","2024-11"
"10719674","21156713120001911000000000U6","MAQUINAS LUDICAS ACTIVADAS POR MONEDAS",,"713120","Casas de juegos electrónicos","0 a 5 personas","CALLE","9 SUR","CALLE","JOSEFA ORTIZ DE DOMINGUEZ","ANDADOR","24","CALLE","PRIVADA AMADO NERVO","520",,,,"0",,"COLONIA","LA PURISIMA",,,,"75484","21","PUEBLA","156","Tehuacán","0001","Tehuacán","0569","032",,,,"Fijo","18.45725464","-97.38522933","2024-11"
"11086493","21156713120001801000000000U9","MAQUINITAS",,"713120","Casas de juegos electrónicos","0 a 5 personas","CALLE","VERACRUZ","CALLE","3 PONIENTE","CALLE","NINGUNO","CALLE","LUIS DONALDO COLOSIO","0","SN",,,,,"COLONIA","JUQUILITA",,,,"75859","21","PUEBLA","156","Tehuacán","0001","Tehuacán","1228","025",,,,"Fijo","18.44228669","-97.37217746","2024-11"
"3489758","21156713120000671000000000U7","MAQUINITAS JUEGOS SIN NOMBRE",,"713120","Casas de juegos electrónicos","0 a 5 personas","CALLE","GABINO BARREDA","CALLE","AGUSTIN A. CACHO","CALLE","5 SUR","AVENIDA","INDEPENDENCIA ORIENTE","335",,,,"1",,"COLONIA","CENTRO",,,,"75700","21","PUEBLA","156","Tehuacán","0001","Tehuacán","0075","010",,,,"Fijo","18.46157857","-97.39007137","2010-07"
"11487925","21156713120001831000000000U6","MAQUINITAS LEO",,"713120","Casas de juegos electrónicos","0 a 5 personas","CALLE","ORQUIDEAS","CALLE","GERANIOS","CALLE","GLADIOLA","CALLE","JACARANDAS","0","SN",,,,,"COLONIA","SAN MIGUEL",,,,"75793","21","PUEBLA","156","Tehuacán","0001","Tehuacán","1209","021","2382259870",,,"Fijo","18.4285354","-97.37280247","2024-11"
"11006211","21156713120001811000000000U8","MAQUINITAS MARTINITA",,"713120","Casas de juegos electrónicos","0 a 5 personas","CALLE","GENERAL JOSE MARIA MORELOS Y PAVON","CALLE","PRIVADA FIGUEROA","PRIVADA","NINGUNO","CALLE","PRIVADA FIGUEROA","122",,,,,,"LOCALIDAD","SANTA MARIA COAPAN",,,,"75857","21","PUEBLA","156","Tehuacán","0001","Tehuacán","0751","018",,,,"Fijo","18.4260307","-97.40895622","2024-11"
"11354552","21156713120001881000000000U1","MAQUINITAS SIN NOMBRE",,"713120","Casas de juegos electrónicos","0 a 5 personas","CALLE","4 PONIENTE","CALLE","NINGUNO","CALLE","VENUSTIANO CARRANZA","CALLE","JAIME TORRES BODET","35",,,,,,"COLONIA","SAN DIEGO CHALMA",,,,"75859","21","PUEBLA","156","Tehuacán","0001","Tehuacán","1213","005",,,,"Fijo","18.44075769","-97.36692517","2024-11"
"3394146","21156713120001071000000000U9","MAQUINITAS SIN NOMBRE",,"713120","Casas de juegos electrónicos","0 a 5 personas","CALLE","ALDAMA","CALLE","5 DE FEBRERO","PRIVADA","PRIMERA PRIVADA DE ALDAMA","CALLE","CANAL DE VALSEQUILLO",,"SN",,,,,"COLONIA","SAN LORENZO TEOTIPILCO",,,,"75855","21","PUEBLA","156","Tehuacán","0001","Tehuacán","1232","011",,,,"Fijo","18.47971412","-97.4355343","2014-12"
"11809669","21156713120002021000000000U3","MAQUINITAS TRAGAMONEDAS",,"713120","Casas de juegos electrónicos","0 a 5 personas","CALLE","7 Norte","CALLE","2 Oriente","AVENIDA","Independencia Oriente","CALLE","9 Norte","0","SN",,,,,"COLONIA","CENTRO",,,,"75700","21","PUEBLA","156","Tehuacán","0001","Tehuacán","008A","030",,,,"Fijo","18.46456823","-97.38695109","2025-04"
"8062775","21156711131000482000000000U8","MARIACHI COCULA",,"711131","Cantantes y grupos musicales del sector privado","6 a 10 personas","CALLE","7 SUR","CALLE","3 ORIENTE","CALLE","5 ORIENTE","CALLE","5 SUR","308","B",,,"0",,"COLONIA","CENTRO",,,,"75700","21","PUEBLA","156","Tehuacán","0001","Tehuacán","0569","021","2381325410",,,"Fijo","18.46035545","-97.38713934","2019-11"
"3415273","21156711131000222000000000U8","MARIACHI DE MI TIERRA",,"711131","Cantantes y grupos musicales del sector privado","6 a 10 personas","CALLE","7 SUR","ANDADOR","3","CALLE","3 ORIENTE","CALLE","PRIVADA DE LA 7 SUR","329",,,,,,"FRACCIONAMIENTO","LA PURISIMA",,,,"75784","21","PUEBLA","156","Tehuacán","0001","Tehuacán","0569","022","2381223097",,,"Fijo","18.45952103","-97.38709199","2010-07"
"3399287","21156711131000391001000000U1","MARIACHI GARIBALDI",,"711131","Cantantes y grupos musicales del sector privado","6 a 10 personas","CALLE","3 ORIENTE","CALLE","7 SUR","CALLE","AMADO NERVO","CALLE","GABINO BARREDA","707",,,,"0",,"COLONIA","RICARDO FLORES MAGON",,,,"75780","21","PUEBLA","156","Tehuacán","0001","Tehuacán","008A","043","2381470717",,,"Fijo","18.46078088","-97.38688202","2010-07"
"3415275","21156711131000132000000000U9","MARIACHI JALISCO",,"711131","Cantantes y grupos musicales del sector privado","6 a 10 personas","CALLE","7 SUR","ANDADOR","3","CALLE","3 ORIENTE","CALLE","PRIVADA DE LA 7 SUR","307",,,,,,"FRACCIONAMIENTO","LA PURISIMA",,,,"75784","21","PUEBLA","156","Tehuacán","0001","Tehuacán","0569","022","2384080754",,,"Fijo","18.46044356","-97.38706132","2010-07"
"3415766","21156711131000252000000000U5","MARIACHI MEXICO LINDO",,"711131","Cantantes y grupos musicales del sector privado","0 a 5 personas","CALLE","7 SUR","AVENIDA","INDEPENDENCIA ORIENTE","CALLE","GABINO BARREDA","OTRO(ESPECIFIQUE)",,,"SN",,,"0",,"COLONIA","RICARDO FLORES MAGON",,,,"75780","21","PUEBLA","156","Tehuacán","0001","Tehuacán","008A","039",,,,"Fijo","18.46202698","-97.38702975","2010-07"
"8028718","21156711131000422000000000U4","MARIACHI MEXICO LINDO",,"711131","Cantantes y grupos musicales del sector privado","6 a 10 personas","CALLE","7 SUR","CALLE","3 ORIENTE","CALLE","5 ORIENTE","CALLE","5 SUR","316",,,,,,"COLONIA","CENTRO",,,,"75700","21","PUEBLA","156","Tehuacán","0001","Tehuacán","0569","021",,,,"Fijo","18.46007502","-97.38714567","2019-11"
"8809494","21149711131000012000000000U8","MARIACHI MIAHUATLAN",,"711131","Cantantes y grupos musicales del sector privado","6 a 10 personas","CALLE","1 SUR","CALLE","3 PONIENTE","PRIVADA","NINGUNO","CALLE","3 SUR",,"SN",,,"0",,"BARRIO","SAN MIGUEL",,,,"75820","21","PUEBLA","149","Santiago Miahuatlán","0001","Santiago Miahuatlán","0102","001","2382050664",,,"Fijo","18.548452","-97.43840107","2019-11"
"9942588","21156711131000562000000000U7","MARIACHI NUEVO AMIGO",,"711131","Cantantes y grupos musicales del sector privado","6 a 10 personas","CALLE","7 SUR","ANDADOR","4","ANDADOR","1","CALLE","PRIVADA DE LA 7 SUR","341","B",,,"0",,"FRACCIONAMIENTO","LA PURISIMA",,,,"75784","21","PUEBLA","156","Tehuacán","0001","Tehuacán","0569","005","2381201457",,,"Fijo","18.45896023","-97.38710765","2024-11"
"3415108","21156711131000152000000000U7","MARIACHI ORO Y PLATA",,"711131","Cantantes y grupos musicales del sector privado","6 a 10 personas","CALLE","7 SUR","AVENIDA","INDEPENDENCIA ORIENTE","CALLE","3 ORIENTE","PRIVADA","NINGUNO","146","B",,,"0",,"COLONIA","CENTRO",,,,"75700","21","PUEBLA","156","Tehuacán","0001","Tehuacán","0075","009","2381286836",,,"Fijo","18.46084392","-97.38712646","2010-07"
"3415106","21156711131000112000000000U1","MARIACHI PLATINO CONTINENTAL",,"711131","Cantantes y grupos musicales del sector privado","6 a 10 personas","CALLE","7 SUR","AVENIDA","INDEPENDENCIA ORIENTE","CALLE","3 ORIENTE","PRIVADA","NINGUNO","146","C",,,,,"COLONIA","CENTRO",,,,"75700","21","PUEBLA","156","Tehuacán","0001","Tehuacán","0075","009","2381635310",,,"Fijo","18.46093436","-97.38712311","2010-07"
"9150640","21156711131000512000000000U2","MARIACHI PUEBLA",,"711131","Cantantes y grupos musicales del sector privado","6 a 10 personas","CALLE","7 SUR","ANDADOR","4","ANDADOR","1","CALLE","PRIVADA DE LA 7 SUR","337","B",,,,,"FRACCIONAMIENTO","LA PURISIMA",,,,"75784","21","PUEBLA","156","Tehuacán","0001","Tehuacán","0569","005","2381365168",,"WWW.MARIACHIPUEBLADETEHUACAN","Fijo","18.45911401","-97.38710366","2019-11"
"3402370","21156711131000382000000000U0","MARIACHI REAL DE MEXICO",,"711131","Cantantes y grupos musicales del sector privado","6 a 10 personas","CALLE","7 SUR","ANDADOR","3","CALLE","3 ORIENTE","CALLE","AMADO NERVO","307",,,,,,"FRACCIONAMIENTO","LA PURISIMA",,,,"75784","21","PUEBLA","156","Tehuacán","0001","Tehuacán","0569","022","2381231250",,,"Fijo","18.46041642","-97.38706222","2014-12"
"3415305","21156711131000282000000000U2","MARIACHI SANTA MARIA",,"711131","Cantantes y grupos musicales del sector privado","6 a 10 personas","CALLE","7 SUR","ANDADOR","4","ANDADOR","1","CALLE","PRIVADA DE LA 7 SUR","341","A",,,"0",,"FRACCIONAMIENTO","LA PURISIMA",,,,"75784","21","PUEBLA","156","Tehuacán","0001","Tehuacán","0569","005","2381512164",,,"Fijo","18.45887881","-97.38710977","2010-07"
"8062707","21156711131000462000000000U0","MARIACHI TEHUACAN",,"711131","Cantantes y grupos musicales del sector privado","6 a 10 personas","CALLE","7 SUR","AVENIDA","INDEPENDENCIA ORIENTE","CALLE","GABINO BARREDA","CALLE","AMADO NERVO","0","SN",,,,,"COLONIA","RICARDO FLORES MAGON",,,,"75780","21","PUEBLA","156","Tehuacán","0001","Tehuacán","008A","039","2381094362",,,"Fijo","18.46204507","-97.38702871","2019-11"
"3415274","21156711131000232000000000U7","MARIACHI TRADICIONAL SAN LUIS",,"711131","Cantantes y grupos musicales del sector privado","6 a 10 personas","CALLE","7 SUR","ANDADOR","3","CALLE","3 ORIENTE","CALLE","AMADO NERVO","311",,,,,,"FRACCIONAMIENTO","LA PURISIMA",,,,"75784","21","PUEBLA","156","Tehuacán","0001","Tehuacán","0569","022","2381080106",,,"Fijo","18.46011796","-97.38707213","2014-12"
"3415746","21156711131000142001000000U8","MARICHI LOS GALLITOS TEHUACANENSES",,"711131","Cantantes y grupos musicales del sector privado","6 a 10 personas","CALLE","7 SUR","ANDADOR","3","ANDADOR","1","CALLE","PRIVADA DE LA 7 SUR","331",,,,,,"FRACCIONAMIENTO","LA PURISIMA",,,,"75784","21","PUEBLA","156","Tehuacán","0001","Tehuacán","0569","006","2383836683",,,"Fijo","18.45932205","-97.38709872","2010-07"
"3520497","21156711131000331000000000U7","MARIMBA ORQUESTA CRUZ CONCHITA",,"711131","Cantantes y grupos musicales del sector privado","0 a 5 personas","CALLE","BENITO JUAREZ","CALLE","9 PONIENTE","CALLEJON","BENITO JUAREZ","CALLE","LAZARO CARDENAS","815",,,,"0",,"COLONIA","EL RIEGO",,,,"75763","21","PUEBLA","156","Tehuacán","0001","Tehuacán","061A","009","2381093044",,,"Fijo","18.4562137","-97.4038844","2010-07"
"3522250","21149713120000041000000000U8","MULTIJUEGOS MAGICOS",,"713120","Casas de juegos electrónicos","0 a 5 personas","CALLE","5 PONIENTE","CALLE","3 SUR","CALLE","5 SUR","CALLE","3 PONIENTE","326",,,,"0",,"BARRIO","CRISTO REY",,,,"75820","21","PUEBLA","149","Santiago Miahuatlán","0001","Santiago Miahuatlán","0102","006",,,,"Fijo","18.5465498","-97.43952333","2014-12"
"8809856","21156712112000023000000000U9","MUSEO DE LA EVOLUCION TEHUACAN","OPD MUSEOS PUEBLA ","712112","Museos del sector público","11 a 30 personas","CARRETERA","FEDERAL PUEBLA TEHUACAN","CALLE","ANTIGUO CAMINO DEL CARNERO","CALLE","5 DE FEBRERO","PROLONGACION","AVENIDA NACIONAL","0","SN",,,,,"COLONIA","MANANTIALES",,,,"75855","21","PUEBLA","156","Tehuacán","0001","Tehuacán","0785","009",,"MUSEOEVOLUCIONTEHUACAN@GMAIL.COM",,"Fijo","18.47852635","-97.4415369","2019-11"
"3416462","21156712112000011000000000U4","MUSEO LOCAL DEL VALLE DE TEHUACAN","INSTITUTO NACIONAL DE ANTROPOLOGIA E HISTORIA GOBIERNO FEDERAL ","712112","Museos del sector público","0 a 5 personas","AVENIDA","REFORMA NORTE","CALLE","2 ORIENTE","CALLE","4 ORIENTE","CALLE","1 NORTE","210",,,,,,"COLONIA","CENTRO DE LA CIUDAD",,,,"75700","21","PUEBLA","156","Tehuacán","0001","Tehuacán","0056","015",,,,"Fijo","18.46579629","-97.39391277","2010-07"
"10475917","21156711510000321000000000U3","NEWYORS",,"711510","Artistas, escritores y técnicos independientes","0 a 5 personas","CALLE","COLOMBIA","CALLE","CUBA","AVENIDA","MEXICO","CALLE","CHIHUAHUA NORTE","509","B",,,,,"FRACCIONAMIENTO","EL RIEGO",,,,"75760","21","PUEBLA","156","Tehuacán","0001","Tehuacán","1374","039","2381040111",,,"Fijo","18.4581285","-97.42225639","2024-11"
"8535940","21156722412002261000000000U5","NOYOLOTZIN",,"711311","Promotores del sector privado de espectáculos artísticos, culturales, deportivos y similares que cuentan con instalaciones para presentarlos","0 a 5 personas","CALLE","20 ORIENTE","CALLE","PRIMERA PRIVADA 20 ORIENTE","PROLONGACION","1 NORTE","CALLE","24 ORIENTE","0","SN",,,,,"COLONIA","LOS REYES",,,,"75725","21","PUEBLA","156","Tehuacán","0001","Tehuacán","1340","051","2381703161",,,"Fijo","18.4762196","-97.39262379","2019-11"
"10701777","21156713943001211000000000U6","NUTRIMENTAL FIT",,"713943","Centros de acondicionamiento físico del sector privado","0 a 5 personas","BOULEVARD","ALDAMA","CALLE","PRIVADA MERIDA","CALLE","14 SUR","CALLE","3 PONIENTE","1402",,,,"0",,"COLONIA","ARCADIA",,,,"75760","21","PUEBLA","156","Tehuacán","0001","Tehuacán","0889","014","2382240100",,,"Fijo","18.46022674","-97.40571374","2024-11"
"3435025","21156713113000033002000000U5","PARQUE ACUATICO SPLASH",,"713113","Parques acuáticos y balnearios del sector privado","6 a 10 personas","CARRETERA","FEDERAL PUEBLA TEHUACAN","PRIVADA","NINGUNO","CALLE","NINGUNO","PRIVADA","NINGUNO","40","B",,,,,"COLONIA","SAN LORENZO TEOTIPILCO",,,,"75855","21","PUEBLA","156","Tehuacán","0001","Tehuacán","0840","027","2383853961","TURISMOSPLASH@HOTMAIL.COM",,"Fijo","18.47868634","-97.44117574","2010-07"
"8014196","21156713944000033000000000U3","PARQUE PUBLICO EL RIEGO","HONORABLE AYUNTAMIENTO DE TEHUACAN ","713112","Parques de diversiones y temáticos del sector público","6 a 10 personas","CALLE","BAJA CALIFORNIA","CALLE","MANANTIALES DE TEHUACAN","CALLE","CHIHUAHUA","CALLE","COLGOTA","0","SN",,,,,"COLONIA","EL RIEGO",,,,"75764","21","PUEBLA","156","Tehuacán","0001","Tehuacán","1374","001","2382508823",,,"Fijo","18.45153912","-97.42176849","2019-11"
"9509726","21156711510000251000000000U2","PAYASO GASPARIN",,"711510","Artistas, escritores y técnicos independientes","0 a 5 personas","CALLE","ALATRISTE","CALLE","NINGUNO","CALLE","MARIANO MATAMOROS","CALLE","ALATRISTE","129",,,,,,"LOCALIDAD","SANTA MARIA COAPAN",,,,"75857","21","PUEBLA","156","Tehuacán","0001","Tehuacán","0925","028",,,,"Fijo","18.42893114","-97.40142083","2024-11"
"11091180","21156713120001781000000000U3","PELUCHES TOLL",,"713120","Casas de juegos electrónicos","0 a 5 personas","CALLE","10 ORIENTE","CALLE","1 NORTE","CALLE","3 NORTE","CALLE","8 ORIENTE","612",,"MERCADO AMADOR HERNANDEZ","PLANTA BAJA","0",,"COLONIA","FRANCISCO SARABIA","MERCADO PUBLICO","MERCADO AMADOR HERNANDEZ","4 Y 5","75730","21","PUEBLA","156","Tehuacán","0001","Tehuacán","0056","006",,,,"Fijo","18.4713035","-97.39271354","2024-11"
"3395602","21156711510000041000000000U7","PINTURA ARTISTICA XIJA LUAN XIMOPEJPENA",,"711510","Artistas, escritores y técnicos independientes","0 a 5 personas","AVENIDA","NACIONAL NORTE","PRIVADA","NINGUNO","PRIVADA","NINGUNO","CALLE","PRIMERA PRIVADA DE ALLENDE PONIENTE","251",,,,"0",,"LOCALIDAD","SANTA MARIA COAPAN",,,,"75857","21","PUEBLA","156","Tehuacán","0001","Tehuacán","0925","007","2382005195",,,"Fijo","18.4326876","-97.40340193","2014-12"
"3522491","21156713999000012000000000U1","POLIDEPORTIVO",,"713944","Centros de acondicionamiento físico del sector público","11 a 30 personas","AVENIDA","AVENIDA DE LOS DEPORTES","BOULEVARD","SOCORRO ROMERO","CALLE","LIBERTAD","CALLE","CAMINO DEL CARNERO","0","SN",,,,,"COLONIA","LA HUIZACHERA",,,,"75718","21","PUEBLA","156","Tehuacán","0001","Tehuacán","093A","001",,,,"Fijo","18.48886551","-97.40746973","2010-07"
"9753232","21156711311000031000000000U1","PROMOTORES DE ESPECTÁCULOS ARTÍSTICOS, CULTURALES, DEPORTIVOS Y SIMILARES QUE CUENTAN CON INSTALACIONES PARA PRESENTARLOS (SECTOR PRIVADO) SIN NOMBRE",,"711311","Promotores del sector privado de espectáculos artísticos, culturales, deportivos y similares que cuentan con instalaciones para presentarlos","0 a 5 personas","CALLE","NINGUNO","CALLE","NINGUNO","CALLE","MAGUEY","CALLE","NINGUNO",,"SN",,,,,"COLONIA","NINGUNO",,,,"75857","21","PUEBLA","156","Tehuacán","0001","Tehuacán","0751","035",,,,"Fijo","18.42216109","-97.41150669","2024-11"
"3398500","21156713120001321000000000U8","RENTA DE CONSOLAS PROGAMERS",,"713120","Casas de juegos electrónicos","0 a 5 personas","CALLE","EMILIANO ZAPATA","AVENIDA","FRANCISCO I. MADERO","CALLE","PRIVADA 5 DE MAYO","CALLE","CAMINO DEL CARNERO","5005",,,,,,"EJIDO","SAN VICENTE FERRRER",,,,"75718","21","PUEBLA","156","Tehuacán","0001","Tehuacán","143A","024","2381190328",,,"Fijo","18.49855406","-97.41582966","2014-12"
"9983928","21156713120001871000000000U2","RENTA DE MAQUINITA",,"713120","Casas de juegos electrónicos","0 a 5 personas","CALLE","15 NORTE","CALLE","17 NORTE","CALLE","12 ORIENTE","ANDADOR","NUMERO 2","1017",,,,,,"UNIDAD","SAN ANGEL",,,,"75740","21","PUEBLA","156","Tehuacán","0001","Tehuacán","1410","008",,,,"Fijo","18.47198429","-97.379219","2024-11"
"10822722","21156713120001861000000000U3","RENTA DE MAQUINITAS",,"713120","Casas de juegos electrónicos","0 a 5 personas","CALLE","3 ORIENTE","CALLE","7 SUR","CALLE","AMADO NERVO","ANDADOR","3","700","3",,,,,"FRACCIONAMIENTO","LA PURISIMA",,,,"75784","21","PUEBLA","156","Tehuacán","0001","Tehuacán","0569","022",,,,"Fijo","18.46070486","-97.38691309","2024-11"
"10656785","21156311830033501000000000U7","RENTA DE MAQUINITAS",,"713120","Casas de juegos electrónicos","0 a 5 personas","CALLE","20 SUR","CALLE","RETORNO PUERTO ANGEL","AVENIDA","7 PONIENTE","ANDADOR","PUERTO VALLARTA","531",,,,"1",,"COLONIA","INFONAVIT EL RIEGO",,,,"75760","21","PUEBLA","156","Tehuacán","0001","Tehuacán","0588","025",,,,"Semifijo","18.45799289","-97.40872953","2024-11"
"10648763","21156713120001991000000000U8","RENTA DE MAQUINITAS SIN NOMBRE",,"713120","Casas de juegos electrónicos","0 a 5 personas","CALLE","23 PONIENTE","CALLE","JACARANDAS","CALLE","24 SUR","CALLE","25 PONIENTE","0","SN",,,,,"COLONIA","3 DE MAYO",,,,"75770","21","PUEBLA","156","Tehuacán","0001","Tehuacán","0681","001",,,,"Fijo","18.44655196","-97.4090568","2024-11"
"8716450","21156713120001461000000000U2","RENTA DE VIDEO JUEGOS X-BOX",,"713120","Casas de juegos electrónicos","0 a 5 personas","CALLE","3 SUR","CALLE","3 ORIENTE","CALLE","1 ORIENTE","CALLE","GENERAL JOSE MARIA MORELOS Y PAVON","124",,,,"0",,"COLONIA","CENTRO",,,,"75700","21","PUEBLA","156","Tehuacán","0001","Tehuacán","0056","034",,,,"Fijo","18.46153957","-97.3915027","2019-11"
"3403097","21156713120001251000000000U7","RENTA DE VIDEOJUEGOS",,"713120","Casas de juegos electrónicos","0 a 5 personas","CALLE","23 PONIENTE","CALLE","REPUBLICA DE BRASIL","CALLE","REPUBLICA DE ECUADOR","PROLONGACION","25 PONIENTE","627",,,,"0",,"COLONIA","16 DE MARZO",,,,"75766","21","PUEBLA","156","Tehuacán","0001","Tehuacán","1092","008","2381138789",,,"Fijo","18.44590388","-97.40121447","2014-12"
"10959552","21156713120002001000000000U5","RENTA DE VIDEOJUEGOS LA CUEVA DEL XBOX",,"713120","Casas de juegos electrónicos","0 a 5 personas","CALLE","FRESNOS","CALLE","NINGUNO","AVENIDA","ARBOLEDAS","CALLE","HIGUERAS","2342","A",,,,,"COLONIA","RANCHO GRANDE",,,,"75790","21","PUEBLA","156","Tehuacán","0001","Tehuacán","1177","048",,,,"Fijo","18.44259376","-97.38898538","2024-11"
"11552272","21156713120001921000000000U5","RENTA DE VIDEOJUEGOS SN",,"713120","Casas de juegos electrónicos","0 a 5 personas","ANDADOR","PUERTO VALLARTA","CALLE","RETORNO PUERTO ANGEL","AVENIDA","7 PONIENTE","ANDADOR","PUERTO DE MAZATLAN","543",,,,,,"COLONIA","INFONAVIT EL RIEGO",,,,"75740","21","PUEBLA","156","Tehuacán","0001","Tehuacán","0588","043",,,,"Fijo","18.45732932","-97.40832678","2024-11"
"3414927","21156713120000061000000000U1","RENTA DE VIDEOJUEGOS XBOX",,"713120","Casas de juegos electrónicos","0 a 5 personas","CALLE","3 NORTE","AVENIDA","INDEPENDENCIA ORIENTE","CALLE","2 ORIENTE","CALLE","5 NORTE","130",,,,"0",,"COLONIA","CENTRO",,,,"75700","21","PUEBLA","156","Tehuacán","0001","Tehuacán","0075","004",,,,"Fijo","18.46427822","-97.39134948","2010-07"
"11770113","21156713120002031000000000U2","RENTA DE VIDEOJUEGOS Y MAQUINITAS SIN NOMBRE",,"713120","Casas de juegos electrónicos","0 a 5 personas","CALLE","5 Norte","AVENIDA","Independencia Oriente","CALLE","2 Oriente","CALLE","3 Norte","127",,,,,,"COLONIA","CENTRO",,,,"75700","21","PUEBLA","156","Tehuacán","0001","Tehuacán","0075","004","2381367110",,,"Fijo","18.46400559","-97.3894087","2025-04"
"11730741","21156713120002041000000000U1","RENTA DE XBOX",,"713120","Casas de juegos electrónicos","0 a 5 personas","CALLE","Gabino Barreda","CALLE","5 Sur","CALLE","Agustín A. Cacho","PRIVADA","Privada de Gabino Barreda","345",,,,"0",,"COLONIA","CENTRO",,,,"75700","21","PUEBLA","156","Tehuacán","0001","Tehuacán","0075","010",,,,"Fijo","18.46157307","-97.3896612","2025-04"
"8809471","21156561432005381000000000U0","RENTA DE XBOX SIN NOMBRE",,"713120","Casas de juegos electrónicos","0 a 5 personas","CALLE","6 PONIENTE","CALLE","8 NORTE","PRIVADA","NINGUNO","CALLE","20 DE NOVIEMBRE","631",,,,,,"COLONIA","AQUILES SERDAN",,,,"75730","21","PUEBLA","156","Tehuacán","0001","Tehuacán","0554","024",,,,"Fijo","18.46902867","-97.4016896","2019-11"
"8464895","21156561432005671000000000U4","RENTA DE XBOX STRESED",,"713120","Casas de juegos electrónicos","0 a 5 personas","CALLE","38 PONIENTE","CALLE","CARRILLO PUERTO","CALLE","NINGUNO","CALLE","GARDENIAS","0","SN",,,,,"COLONIA","TEPEYAC",,,,"75726","21","PUEBLA","156","Tehuacán","0001","Tehuacán","1340","026",,,,"Fijo","18.48884517","-97.39309937","2019-11"
"9534724","21156713943001141000000000U5","ROCK GYM",,"713943","Centros de acondicionamiento físico del sector privado","0 a 5 personas","AVENIDA","NACIONAL","PRIVADA","NINGUNO","CALLE","VENUSTIANO CARRANZA SUR","PRIVADA","IGNACIO ALLENDE","302",,,,,,"COLONIA","SAN LORENZO",,,,"75855","21","PUEBLA","156","Tehuacán","0001","Tehuacán","0836","017","2383884569",,,"Fijo","18.47133457","-97.42900337","2024-11"
"11039126","21149713943000081000000000U9","ROPA DEPORTIVA Y DE TEMPORADA FITCLUB H20",,"713943","Centros de acondicionamiento físico del sector privado","0 a 5 personas","AVENIDA","16 DE SEPTIEMBRE","CALLE","NINGUNO","CALLE","5 NORTE","CALLE","5 NORTE","0","SN",,,,,"BARRIO","SAN JOSE",,,,"75820","21","PUEBLA","149","Santiago Miahuatlán","0001","Santiago Miahuatlán","009A","037","2492382420",,,"Fijo","18.55428509","-97.44167157","2024-11"
"10121031","21156711311000041000000000U0","SALON DE EVENTOS PALENQUE DE LOS GUERREROS",,"711311","Promotores del sector privado de espectáculos artísticos, culturales, deportivos y similares que cuentan con instalaciones para presentarlos","0 a 5 personas","CALLE","4 ORIENTE","CALLE","11 NORTE","CALLE","9 NORTE","CALLE","VICENTE GUERRERO","0","SN",,,,,"COLONIA","SAN PEDRO ACOQUIACO",,,,"75740","21","PUEBLA","156","Tehuacán","0001","Tehuacán","008A","007","2221913464",,,"Fijo","18.46700085","-97.38321876","2024-11"
"11423889","21156713120001791000000000U2","SERVICIO DE MAQUINITAS DE VIDEOJUEGOS",,"713120","Casas de juegos electrónicos","0 a 5 personas","CALLE","3 NORTE","CALLE","2 ORIENTE","AVENIDA","INDEPENDENCIA ORIENTE","CALLE","5 NORTE","116","C",,,"0",,"COLONIA","CENTRO",,,,"75700","21","PUEBLA","156","Tehuacán","0001","Tehuacán","0075","004","2382844208",,,"Fijo","18.46406095","-97.39135305","2024-11"
"3394897","21156713120001281000000000U4","SERVICIO DE VIDEO JUEGOS SIN NOMBRE",,"713120","Casas de juegos electrónicos","0 a 5 personas","CALLE","PONIENTE 1","ANDADOR","PLAZA PONIENTE 1 D","BOULEVARD","ALDAMA","CALLE","SAN LORENZO","0","SN",,,,,"FRACCIONAMIENTO","JARDINES DE TEHUACAN",,,,"75769","21","PUEBLA","156","Tehuacán","0001","Tehuacán","1124","032","2381187721",,,"Fijo","18.46076102","-97.41840431","2014-12"
"8028360","21156713120001611000000000U2","SERVICIO DE VIDEO JUEGOS SIN NOMBRE",,"713120","Casas de juegos electrónicos","0 a 5 personas","CALLE","7 SUR","CALLE","7 ORIENTE","CALLE","9 ORIENTE","CALLE","9 SUR","705",,,,,,"COLONIA","NICOLAS BRAVO",,,,"75790","21","PUEBLA","156","Tehuacán","0001","Tehuacán","0605","020",,,,"Fijo","18.45602946","-97.38719385","2019-11"
"11382119","21156713120001941000000000U3","SERVICIO DE VIDEOJUEGOS SIN NOMBRE",,"713120","Casas de juegos electrónicos","0 a 5 personas","CALLE","JOSE MARIA MORELOS","PROLONGACION","JOSE MARIA MORELOS","CALLE","JACARANDAS","CALLE","LA PAZ","4431","A",,,,,"COLONIA","AEROPUERTO",,,,"75718","21","PUEBLA","156","Tehuacán","0001","Tehuacán","143A","020",,,,"Fijo","18.49600965","-97.41282631","2024-11"
"3425957","21156711131000293000000000U9","SERVICIO MUSICAL AGRUPACION MUSICAL 238",,"711131","Cantantes y grupos musicales del sector privado","11 a 30 personas","CALLE","11 SUR","PRIVADA","PRIMERA PRIVADA 11 SUR","CALLE","11 ORIENTE","CALLE","9 SUR","1112",,,,"0",,"COLONIA","NICOLAS BRAVO",,,,"75790","21","PUEBLA","156","Tehuacán","0001","Tehuacán","0605","040","2381307783","YEYO-42@HOTMAIL.COM",,"Fijo","18.45400081","-97.38457342","2010-07"
"8028851","21156713943000941000000000U9","SHADDIX FIT STUDIO",,"713943","Centros de acondicionamiento físico del sector privado","0 a 5 personas","CALLE","7 NORTE","AVENIDA","INDEPENDENCIA ORIENTE","CALLE","2 ORIENTE","CALLE","5 NORTE","105",,,,"0",,"COLONIA","CENTRO",,,,"75700","21","PUEBLA","156","Tehuacán","0001","Tehuacán","0075","003","2382089715","NATY_BLX@HOTMAIL.COM",,"Fijo","18.4630971","-97.38708616","2019-11"
"9459372","21149711131000031000000000U8","SONIDO DISCO MOVIL VK",,"711131","Cantantes y grupos musicales del sector privado","0 a 5 personas","DIAGONAL","9 SUR","CALLE","7 SUR","CALLE","5 PONIENTE","DIAGONAL","9 SUR","319","A",,,"0",,"BARRIO","CRISTO REY",,,,"75820","21","PUEBLA","149","Santiago Miahuatlán","0001","Santiago Miahuatlán","0102","025","2381691173",,,"Fijo","18.54743695","-97.44265279","2023-11"
"8752296","21156713943000761000000000U1","SPARTANS GYM",,"713943","Centros de acondicionamiento físico del sector privado","0 a 5 personas","CALLE","7 SUR","CALLE","3 ORIENTE","CALLE","5 ORIENTE","CALLE","5 SUR","300",,,,"0",,"COLONIA","CENTRO",,,,"75700","21","PUEBLA","156","Tehuacán","0001","Tehuacán","0569","021","2371222621",,,"Fijo","18.46043687","-97.38713751","2019-11"
"10673138","21156713943001121000000000U7","SPIN FITNESS",,"713943","Centros de acondicionamiento físico del sector privado","0 a 5 personas","CALLE","5 DE MAYO","CALLE","HERMENEGILDO GALEANA","CALLE","JOSE MARIA MORELOS","CALLE","MARIANO MATAMOROS",,"SN",,,,,"COLONIA","CENTRO",,,,"75853","21","PUEBLA","156","Tehuacán","0009","Magdalena Cuayucatepec","0501","028",,,,"Fijo","18.54810181","-97.48753553","2024-11"
"9793525","21156713943001541000000000U6","SPINING",,"713943","Centros de acondicionamiento físico del sector privado","0 a 5 personas","CALLE","CORREGIDORA","CALZADA","LAS PALMAS","CALLE","36 PONIENTE","CALLE","NICOLAS BRAVO","0","SN",,,,,"COLONIA","TEPEYAC",,,,"75726","21","PUEBLA","156","Tehuacán","0001","Tehuacán","1340","021","2381454535",,,"Fijo","18.48515163","-97.3953313","2024-11"
"8014846","21156713943001021000000000U9","SPINNING",,"713943","Centros de acondicionamiento físico del sector privado","0 a 5 personas","CALLE","26 SUR","BOULEVARD","ALDAMA","CALLE","5 PONIENTE","CALLE","28 SUR","0","SN",,,,,"COLONIA","VENUSTIANO CARRANZA",,,,"75760","21","PUEBLA","156","Tehuacán","0001","Tehuacán","0588","007",,,,"Fijo","18.45939749","-97.41084925","2019-11"
"6377382","21156713941000055001000000U2","SPORT CLUB PASEO","SPORT CLUB EL PASEO SA DE CV","713943","Centros de acondicionamiento físico del sector privado","11 a 30 personas","CALLE","MANUEL BARTLET DIAZ","CALLE","PASEO TAMAYO","CALZADA","ADOLFO LOPEZ MATEOS","PROLONGACION","16 PONIENTE","601",,,,"0",,"COLONIA","SAN LORENZO TEOTIPILCO",,,,"75855","21","PUEBLA","156","Tehuacán","0001","Tehuacán","0836","002","2381870661","CONTAB@SPORTCLUBPASEOTH.COM",,"Fijo","18.46934159","-97.41482073","2010-07"
"9077720","21156713943001061000000000U5","SPORT GOLD GYM",,"713943","Centros de acondicionamiento físico del sector privado","0 a 5 personas","CALLE","21 NORTE","CALLE","IGNACIO ALLENDE","CALLE","4 ORIENTE","CALLE","23 NORTE","234",,,,"0",,"FRACCIONAMIENTO","LA HERRADURA",,,,"75740","21","PUEBLA","156","Tehuacán","0001","Tehuacán","1016","009",,,,"Fijo","18.46603104","-97.37679262","2019-11"
"11307171","21156713943001401000000000U3","SPORT SITE FITNESS",,"713943","Centros de acondicionamiento físico del sector privado","0 a 5 personas","CALZADA","ADOLFO LOPEZ MATEOS","CALLE","22 NORTE","CALLE","26 NORTE","CALLE","PRIVADA 2 PONIENTE","2408",,"EDIFICIO COMERCIAL SIN NOMBRE","PISO 2",,,"FRACCIONAMIENTO","ZONA ALTA","EDIFICIO COMERCIAL Y DE SERVICIOS","EDIFICIO COMERCIAL SIN NOMBRE","SN","75750","21","PUEBLA","156","Tehuacán","0001","Tehuacán","0037","048",,,,"Fijo","18.46462057","-97.40977718","2024-11"
"9968750","21156713943001501000000000U0","STUDIO GLEE CLASES DE DANZA",,"713943","Centros de acondicionamiento físico del sector privado","0 a 5 personas","CALLE","12 ORIENTE","CALLE","FRESNO","CALLE","27 NORTE","CALLE","14 ORIENTE","2708",,,,,,"COLONIA","DEL VALLE 2A SECCION",,,,"75740","21","PUEBLA","156","Tehuacán","0001","Tehuacán","1425","023",,,,"Fijo","18.47325383","-97.37488605","2024-11"
"9598133","21156713943001171000000000U2","STUDIO JUMP",,"713943","Centros de acondicionamiento físico del sector privado","0 a 5 personas","CALLE","HEROES DE LA INDEPENDENCIA","CALLE","7 ORIENTE","CALLE","JOSEFA ORTIZ DE DOMINGUEZ","CALLE","CENTENARIO","532","2",,,,,"COLONIA","GUADALUPE HIDALGO",,,,"75790","21","PUEBLA","156","Tehuacán","0001","Tehuacán","0130","022","2381631371",,,"Fijo","18.45686093","-97.39275213","2024-11"
"3401663","21156713943000241000000000U4","SYR SPORT",,"713943","Centros de acondicionamiento físico del sector privado","0 a 5 personas","CALLE","1 NORTE","CALLE","18 ORIENTE","PRIVADA","1 NORTE","CALLE","PRIVADA AVENIDA PEÑAFIEL","1609",,,,"0",,"COLONIA","UNIDAD JARDIN",,,,"75730","21","PUEBLA","156","Tehuacán","0001","Tehuacán","0056","032",,,,"Fijo","18.47496908","-97.39277489","2014-12"
"9648355","21156711510000301000000000U5","TALLER DE ARTE EMILIO PAZOS",,"711510","Artistas, escritores y técnicos independientes","0 a 5 personas","PRIVADA","NINGUNO","CALLE","3 PONIENTE","CALLE","5 PONIENTE","PRIVADA","2 SUR","320",,,,,,"COLONIA","CENTRO",,,,"75700","21","PUEBLA","156","Tehuacán","0001","Tehuacán","0874","014","2382221942",,,"Fijo","18.4600358","-97.3944781","2024-11"
"8463619","21156711510000151000000000U4","TALLER DE DIBUJO",,"711510","Artistas, escritores y técnicos independientes","0 a 5 personas","BOULEVARD","HEROE DE NACOZARI","CALLE","4 PONIENTE","CALLE","5 DE MAYO","CALLE","6 NORTE","234",,,,"0",,"COLONIA","ZARAGOZA",,,,"75770","21","PUEBLA","156","Tehuacán","0001","Tehuacán","0554","029","2381442626",,,"Fijo","18.46697436","-97.40047391","2019-11"
"3523639","21156811121000401010000000U8","TALLER DE PINTURA EN ACRILICO ENRIQUEZ",,"711111","Compañías de teatro del sector privado","0 a 5 personas","CALZADA","LAS PALMAS","CALLE","MIGUEL HIDALGO","CALLE","1 NORTE","CALLE","36 ORIENTE","141","B",,,"0",,"COLONIA","LOMAS DE LA SOLEDAD",,,,"75720","21","PUEBLA","156","Tehuacán","0001","Tehuacán","1266","027","2381195212",,,"Fijo","18.48659264","-97.39141323","2010-07"
"3414803","21156713943000391000000000U7","TEHUACAN SPININNG CENTER",,"713943","Centros de acondicionamiento físico del sector privado","0 a 5 personas","CALLE","5 NORTE","CALLE","DANIEL GONZALEZ","CALLE","2 ORIENTE","CALLE","PRIVADA 2 ORIENTE","213",,,,"0",,"COLONIA","CENTRO",,,,"75700","21","PUEBLA","156","Tehuacán","0001","Tehuacán","0075","001","2382082911",,,"Fijo","18.46576615","-97.38938802","2014-12"
"10185075","21156713120001891000000000U0","THE GAMER JUEGOS DE MAQUINITAS",,"713120","Casas de juegos electrónicos","0 a 5 personas","AVENIDA","EJERCITO MEXICANO","AVENIDA","EJERCITO MEXICANO","CALLE","12 ORIENTE","CALLE","1 NORTE","149",,,,"0",,"COLONIA","FRANCISCO SARABIA",,,,"75730","21","PUEBLA","156","Tehuacán","0001","Tehuacán","0056","012",,,,"Fijo","18.47230391","-97.39153137","2024-11"
"9262761","21156713120001761000000000U5","TIENDA SIN NOMBRE",,"713120","Casas de juegos electrónicos","0 a 5 personas","CALLE","9 PONIENTE","CALLE","22 SUR","CALLE","LICENCIADO ADOLFO LOPEZ MATEOS","CALLE","GUADALUPE VICTORIA","2023",,,,,,"COLONIA","EL RIEGO",,,,"75763","21","PUEBLA","156","Tehuacán","0001","Tehuacán","061A","026",,,,"Fijo","18.45631374","-97.40864392","2020-11"
"11569582","21156713943001391000000000U6","URBAN GYM",,"713943","Centros de acondicionamiento físico del sector privado","0 a 5 personas","CALLE","13 ORIENTE","CALLE","3 SUR","BOULEVARD","INGENIERO PASTOR ROUAIX","CALLE","NINGUNO","326",,,,,,"COLONIA","GUADALUPE HIDALGO",,,,"75790","21","PUEBLA","156","Tehuacán","0001","Tehuacán","1177","001",,,,"Fijo","18.45333802","-97.39031106","2024-11"
"9979563","21156713120001981000000000U9","VENTA DE VIDEOJUEGOS",,"713120","Casas de juegos electrónicos","0 a 5 personas","CALLE","15 SUR","CALLE","SEGUNDA PRIVADA 17 SUR","CALLE","5 ORIENTE","PRIVADA","PRIVADA DE LA 5 ORIENTE","0","SN",,,,,"COLONIA","LA PURISIMA",,,,"75784","21","PUEBLA","156","Tehuacán","0001","Tehuacán","1478","014","2381874872",,,"Fijo","18.45815389","-97.38033403","2024-11"
"10660122","21156713943001181000000000U1","VICTORIOUS CROSSFIT","VICTORIOUS CROSSFIT SC","713943","Centros de acondicionamiento físico del sector privado","0 a 5 personas","CALLE","DOCTOR MANUEL PEREYRA MEJIA","CALLE","6 PONIENTE","DIAGONAL","4 NORTE","BOULEVARD","HEROE DE NACOZARI","639",,,,,,"COLONIA","CERRITOS",,,,"75731","21","PUEBLA","156","Tehuacán","0001","Tehuacán","0554","006","2386880415",,,"Fijo","18.47105297","-97.39882153","2024-11"
"10114667","21156713120001841000000000U5","VIDEO JUEGOS ARIES",,"713120","Casas de juegos electrónicos","0 a 5 personas","CALLE","MIGUEL HIDALGO","CALZADA","CALZADA DEL PANTEON","CALLE","52 ORIENTE","CALLE","52 ORIENTE","302",,,,,,"COLONIA","SANTA CRUZ",,,,"75720","21","PUEBLA","156","Tehuacán","0001","Tehuacán","1162","037",,,,"Fijo","18.4938065","-97.38915596","2024-11"
"3394612","21156713120001111000000000U3","VIDEO JUEGOS SIN NOMBRE",,"713120","Casas de juegos electrónicos","0 a 5 personas","AVENIDA","NACIONAL NORTE","CALLE","JESUS CARRANZA","CALLE","BENITO JUAREZ PONIENTE","CALLE","SANTA ROSA","121",,,,,,"LOCALIDAD","SANTA MARIA COAPAN",,,,"75857","21","PUEBLA","156","Tehuacán","0001","Tehuacán","0910","037",,"SANOCEJPABLO@GMAIL.COM",,"Fijo","18.42899521","-97.40553548","2014-12"
"10604635","21156713120001971000000000U0","VIDEO JUEGOS SIN NOMBRE",,"713120","Casas de juegos electrónicos","0 a 5 personas","CALLE","INDEPENDENCIA","CALLE","DIVISION DEL NORTE","CALLE","LICENCIADO BENITO JUAREZ","CALLE","MELCHOR OCAMPO","0","SN",,,,,"COLONIA","CENTRO",,,,"75853","21","PUEBLA","156","Tehuacán","0009","Magdalena Cuayucatepec","0501","021",,,,"Fijo","18.54857107","-97.48629601","2024-11"
"3497818","21156713120000081000000000U9","VIDEOJUEGOS",,"713120","Casas de juegos electrónicos","0 a 5 personas","CALLE","9 SUR","CALLE","7 ORIENTE","CALLE","5 ORIENTE","CALLE","INSURGENTES SUR","38","LE 38",,,"40",,"COLONIA","LA PURISIMA",,,,"75784","21","PUEBLA","156","Tehuacán","0001","Tehuacán","1073","036",,,,"Fijo","18.45763197","-97.38514083","2010-07"
"10692644","21156713120001771000000000U4","VIDEOJUEGOS",,"713120","Casas de juegos electrónicos","0 a 5 personas","AVENIDA","FERROCARRIL","CALLE","FRANCISCO I. MADERO","CARRETERA","FEDERAL TEHUACAN-ORIZABA","CALLE","MORELOS","0","SN",,,,,"COLONIA","LA HUIZACHERA",,,,"75718","21","PUEBLA","156","Tehuacán","0001","Tehuacán","093A","033","2381813540",,,"Fijo","18.49099475","-97.40536629","2024-11"
"10109686","21149713120000101000000000U0","VIDEOJUEGOS SIN NOMBRE",,"713120","Casas de juegos electrónicos","0 a 5 personas","CALLE","6 PONIENTE","PRIVADA","NINGUNO","CALLE","9 NORTE","CALLE","8 PONIENTE",,"SN",,,,,"BARRIO","SAN JOSE",,,,"75820","21","PUEBLA","149","Santiago Miahuatlán","0001","Santiago Miahuatlán","0085","008",,,,"Fijo","18.55351147","-97.44408525","2024-11"
"10504486","21156713120001931000000000U4","VIDEOJUEGOS SIN NOMBRE",,"713120","Casas de juegos electrónicos","0 a 5 personas","CALLE","30 SUR","CALLE","23 PONIENTE","CALLE","PRIVADA 30 SUR","CALLE","32 SUR","2126",,,,,,"COLONIA","PUEBLA",,,,"75768","21","PUEBLA","156","Tehuacán","0001","Tehuacán","0658","028",,,,"Fijo","18.4474435","-97.41250354","2024-11"
"9540345","21156713120001961000000000U1","VIDEOJUEGOS SIN NOMBRE",,"713120","Casas de juegos electrónicos","0 a 5 personas","CALLE","17 ORIENTE","CALLE","11 SUR","CALLE","PRIVADA CHILAC","AVENIDA","DE LA JUVENTUD","1102",,,,,,"FRACCIONAMIENTO","SANTA MONICA",,,,"75790","21","PUEBLA","156","Tehuacán","0001","Tehuacán","1073","014",,,,"Fijo","18.45063572","-97.38396971","2024-11"
"3414071","21156713120000701000000000U2","VIDEOJUEGOS SIN NOMBRE",,"713120","Casas de juegos electrónicos","0 a 5 personas","CALLE","1 ORIENTE","CALLE","AGUSTIN A. CACHO","CALLE","3 SUR","CALLE","3 ORIENTE","310",,"16 DE MARZO","PLANTA BAJA",,,"COLONIA","CENTRO","MERCADO PUBLICO","16 DE MARZO","PS04","75700","21","PUEBLA","156","Tehuacán","0001","Tehuacán","0075","016","2382040543",,,"Fijo","18.46194761","-97.39117838","2010-07"
"11676673","21156713120001851000000000U4","VIDEOJUEGOS SIN NOMBRE",,"713120","Casas de juegos electrónicos","0 a 5 personas","CALLE","LICENCIADO BENITO JUAREZ","PRIVADA","NINGUNO","CALLE","MARGARITA MAZA","CALLE","MISAEL NUÑEZ ACOSTA","0","SN",,,,,"COLONIA","EL CALVARIO",,,,"75853","21","PUEBLA","156","Tehuacán","0009","Magdalena Cuayucatepec","0501","007",,,,"Fijo","18.55482879","-97.48651415","2024-11"
"8716588","21156713120001481000000000U0","VIDEOJUEGOS VERSATIL GEMI",,"713120","Casas de juegos electrónicos","0 a 5 personas","CALLE","26 PONIENTE","CALLE","EL ROSAL","CALLE","ROBLE","CALLE","TERCERA PRIVADA CUAUHTEMOC","157",,,,"0",,"COLONIA","HELEDEN",,,,"75720","21","PUEBLA","156","Tehuacán","0001","Tehuacán","1340","031","2381524801",,,"Fijo","18.48141884","-97.39441147","2019-11"
"3398412","21156561432003801000000000U9","XBOX EMMANUEL",,"713120","Casas de juegos electrónicos","0 a 5 personas","CALLE","42 ORIENTE","CALLE","CALLEJON DEL PANTEON","CALLE","3 NORTE","AVENIDA","40 ORIENTE","304",,,,"0",,"COLONIA","SANTA CRUZ",,,,"75720","21","PUEBLA","156","Tehuacán","0001","Tehuacán","1266","017",,,,"Fijo","18.49068075","-97.39011517","2014-12"
"9871606","21156713943001251000000000U2","ZUMBA CON CARLOZ VALENCIA",,"713943","Centros de acondicionamiento físico del sector privado","0 a 5 personas","CALLE","34 ORIENTE","CALLE","MIGUEL HIDALGO","CALLE","ALVARO OBREGON","CALLE","MIGUEL HIDALGO","0","SN",,,,,"COLONIA","SANTIAGO TULA",,,,"75720","21","PUEBLA","156","Tehuacán","0001","Tehuacán","0639","016",,,,"Fijo","18.48459783","-97.38843193","2024-11"
"11334366","21156713943001201000000000U7","ZUMBA FITNES SPORT WOMAN",,"713943","Centros de acondicionamiento físico del sector privado","0 a 5 personas","CALLE","JOSE MARIA MORELOS NORTE","CARRETERA","FEDERAL PONIENTE","AVENIDA","FRANCISCO I. MADERO","CALLE","EMILIO CARRANZA NORTE","111",,,,,,"COLONIA","SAN LORENZO TEOTIPILCO",,,,"75855","21","PUEBLA","156","Tehuacán","0001","Tehuacán","0840","001","2381704495",,,"Fijo","18.47582338","-97.43295535","2024-11"
"11686343","21156713943001281000000000U9","ZUMBA STEP",,"713943","Centros de acondicionamiento físico del sector privado","0 a 5 personas","CALLE","12 NORTE","CALLE","18 PONIENTE","PROLONGACION","PRIVADA 12 NORTE","CALLE","14 NORTE","0","SN",,,,,"COLONIA","SAN NICOLAS TETITZINTLA",,,,"75710","21","PUEBLA","156","Tehuacán","0001","Tehuacán","1459","040","2382259301",,,"Fijo","18.47673706","-97.40349387","2024-11"
"8028972","21156713943000961000000000U7","ZUMBA STEP",,"713943","Centros de acondicionamiento físico del sector privado","0 a 5 personas","CALLE","4 ORIENTE","PRIVADA","4 ORIENTE","CALLE","13 NORTE","CALLE","VICENTE GUERRERO","1300",,,,"0",,,"SAN PEDRO ACOQUIACO",,,,"75740","21","PUEBLA","156","Tehuacán","0001","Tehuacán","008A","022","2381860702",,,"Fijo","18.46692551","-97.38084936","2019-11"
"9547933","21156713943001291000000000U8","ZUMBA STEP ANGY",,"713943","Centros de acondicionamiento físico del sector privado","0 a 5 personas","PRIVADA","3 ORIENTE","CALLE","16 ORIENTE","CALLE","18 ORIENTE","CALLE","25 NORTE","0","SN",,,,,"COLONIA","GUADALUPE TOCHAPA",,,,"75853","21","PUEBLA","156","Tehuacán","0001","Tehuacán","1425","011","2381642851",,,"Fijo","18.47508626","-97.37537202","2024-11"
